,user_id,time,url,text,likes,comments,repost
0,s_oo_r_04,2024-10-12T15:59:02.000Z,https://www.threads.net/@s_oo_r_04/post/DBB6yfKBuV9,"24.10.13
아침에는 한 없이 무기력하고 우울하다...
그냥 모든 게 다 지치고 어떤 것도 할 용기가 나지 않는다..ㅎㅎ
그나마 밤이 되서야 어느 정도 기운을 차려 책상에 앉아 급한 일만 끝내놓는다..
이젠 우울이 나의 일상이 되었고 나와 하나가 된 듯 하다.
성인이기에 혼자 견뎌야 하고 성인이기에 누군가에게 도움을 요청하기 힘들다.
나에게도 어른이 있으면 좋겠다는 희망을 갖고 있지만 이젠 미성년자가 아닌 성인이기에 어른들에게 고민을 털어 놓는 것 조차 두렵다.
한심해 보일까 봐.
그리고 내 자신이 초라해 질까 봐..
어른도 어른 나름에 걱정이 있지만 성인도 성인 나름에 걱정이 있다.
나에게 세상은 너가 뭐가 힘드냐며 손가락질 하는 것 같다. 그래서 우울이 점점 나를 잠식해 빠져 나오기 힘들다.
매일 아침이 고통이기에 오늘 밤도 내일 아침이 안 오길 빈다..
내일이 오지 않기를..",6.0,1.0,
1,s_oo_r_04,2024-07-08T06:40:00.000Z,https://www.threads.net/@s_oo_r_04/post/C9JugCnheSK,"24.07.08.월
또 일주일이 시작 되었네..
하루종일 무기력하고 아무것도 하기 싫은날 차라리 죽는게 낫다고 생각하는 하루
정말 지친다..
잘하는 것 하나 없고 실수투성이인 나..
요즘 텐션 올리기 위해서 카페인을 찾고 
잠자기 위해 알코올을 찾고
심심해서 니코틴을 찾네..
특히 활동양이 매우 줄어 상태가 점점 악화되고 있다.",,1.0,
2,s_oo_r_04,2024-07-03T11:42:23.000Z,https://www.threads.net/@s_oo_r_04/post/C89ZIS1hTkx,"24.07.03
이젠 나의 안식처로 가지 못한다.
근데 집에 있기는 싫다.
그래서 매일 밖에 나온다.
그냥 점점 우울이 심해짐을 느낀다. 그리고 공황도 매일 찾아온다. 강도는 매일 다르지만 심한날에는 죽을 것 같은 고통도 찾아온다. 
요즘 인생인 망가진 기분이다. 그냥 다 포기 하고 싶다..
조금 일찍 인생을 하직하는 것도 나쁘지 만은 않는 것 같다는 생각이든다...
그냥 지친다.",,,
3,s_oo_r_04,2024-06-15T03:47:40.000Z,https://www.threads.net/@s_oo_r_04/post/C8OMfueBFf1,"24.06.15
도저히 컨디션이 좋지 않아서 나의 안식처로 왔다..
시험 기간이여서 자제 해야하는 상황인데 그러질 못했다.
그냥 쉬고 싶었울 뿐인데..
우울증이 너무 심하다..
그리고 공황 증세도 심해졌다...
다 포기 하고 싶을 정도로..ㅎㅎ",1.0,1.0,
4,s_oo_r_04,2024-06-14T14:33:08.000Z,https://www.threads.net/@s_oo_r_04/post/C8MxkUIhxqr,"24.06.14
몇일 참다가 자해를 했네..
잘 안보이는 손목안쪽이 아닌 팔뚝에다 말야.
누가 보면 머라 하겠지..ㅋㅋ
근데 시험이 다가 올 수록 너무 불안한데 정말 포기하고 싶은데 쉽지가 않네..
요즘 눈물도 잘 나오질 않아 심지어 이젠 감정도 잘 모르겠어..
너무 힘들다..",1.0,,
5,s_oo_r_04,2024-06-07T05:40:04.000Z,https://www.threads.net/@s_oo_r_04/post/C75y_-MSutj,"손목에 상처->흉터가 반복되는 삶을 살아가는 요즘 그냥다 지친다.
모든걸 다 포기하고 싶지만 용기가 없어서 그러질 못하네....
사는게 사는 것 같질 않네....",2.0,,
6,s_oo_r_04,2024-06-06T12:56:45.000Z,https://www.threads.net/@s_oo_r_04/post/C74ALYphIlH,"2024/06/06
불면증으로 일주일 내내 고생했지만 오늘 술을 마시고 겨우 잠에 들 것 같다...
이런 내 모습이 한심하면서도 누군가에게 짐이 될까 두렵다...
그냥 아무도 모르게 죽고싶다..",2.0,,
7,s_oo_r_04,2024-06-05T14:34:11.000Z,https://www.threads.net/@s_oo_r_04/post/C71miKeBIFK,"2024/06/05그냥 다 지치는 하루..
뭘해도 즐겁지도 않고 뭘 해도 웃을일 잘 없는 하루..
포기하고 싶어도 쉽지 않은 하루..
붉은 물감이 종이를 적시듯..
내 팔에도 붉게 물이 들어가고 있어 후회도 원망도 하지만 다 부질 없다..
너무 울어 눈이 부었지만 어무도 알아주지 않아 서글프면서도 차라리 몰라줘서 다행이다 라고 생각이 든다..",2.0,,
8,s_oo_r_04,2024-06-04T10:21:13.000Z,https://www.threads.net/@s_oo_r_04/post/C7ykyeohEzq,"첫 스레드2학년 1학기가 거의 끝이 나고 있는 지금 시점 나는 점점 상태가 나빠지고 있음을 느끼고 있다.
누군가에게 이야기 하고 싶지만 그 사람에게 짐이 되기 싫어 이야기 하기를 머뭇거린다.
머뭇거리다 나의 이기심에 결국 에둘러 이야기를 하다가 결국 들키고만다.
들켜도 대화가 완결 되지 않았음에 나는 불행인지 다행인지 한숨을 내 쉰다.
이 계정도 언젠가 누군가에게는 들켜 비난을 받고 손가락질을 당할 지도 모른다. 
아마 들킨 그 시점은 내가 이 세상에 없을 수도 있겠지만 말이다.
다 포기하고 싶고 고립 되고 싶다는 생각이 들면서도 나는 겁쟁이고 또한 소심하며 외로움을 많아 탄다.
그리고 마음을 쉽게 열지도 못한다.
마음을 열고 나면 의심 없이 다 받아 들인다...
이젠 웃는 것도 힘들고 생각 하는 것도 힘들다..
영원한 쉼을 가지고 싶다..",2.0,,
9,moon_jasal,2024-11-06T11:19:59.000Z,https://www.threads.net/@moon_jasal/post/DCByuiMhLV4,"병원으로 돌아가고 싶어
내게 남은 건 눈물나는 기억 뿐인데
내 전부가 우리 엄마여서
우리 엄마가 행복하기를 간절히 바라고
또 간절히 바랄 뿐이여서
나 때문에 울지 않기를
나 때문에 슬퍼하지 않기를 
내 전부가 엄마이듯 엄마의 전부도 나여서
더 이상 엄마 마음에 대못 박을 수가 없어서
난 내 마음 한마디도 입 밖으로 꺼낼 수가 없어",4.0,,
10,moon_jasal,2024-09-07T06:27:37.000Z,https://www.threads.net/@moon_jasal/post/C_mxkrch8qj,"엄마 미안해 애들아 미안해
지옥에서 끝없는 벌을 받을게
죽고 다시 죽고 또 죽을 때까지 영원히
벌을 받을게
나 용서하지 마
제발인팔 스팔 맞팔 스레드",1.0,,
11,moon_jasal,2024-08-29T12:41:39.000Z,https://www.threads.net/@moon_jasal/post/C_QROWjBfWg,"다들 손목에 흉터 하나쯤은 가지고 살잖아, 그치인팔 스팔 맞팔 스레드",4.0,2.0,
12,moon_jasal,2024-08-28T10:00:49.000Z,https://www.threads.net/@moon_jasal/post/C_NaBelB2wo,"나는 피투성이 인채로 죽고싶어
그 어떤것도 자해를 향한 욕망을 해결해 줄 수 없어
나를 아무도 모르는 곳에 가서
죽기 전까지 자해를 하다 죽고싶어
팔을 긋고 싶어 찌르고 싶어
피가 흐르는 걸 보고싶어
피가 튀기는 걸 보고싶어
그렇게 눈을 감고싶어
나는 죄인이라서 이런 말 밖에 못해
지옥에 가서 끝없는 벌을 받겠지인팔 스팔 맞팔 스레드",6.0,1.0,
13,moon_jasal,2024-08-28T08:35:47.000Z,https://www.threads.net/@moon_jasal/post/C_NQSsLBcxm,"첫 스레드정신병원 4번째 입원
입원한지 벌써 한 달 반이 되었네
일상으로 돌아갈 수 있을까
아직 나는 나를 살리는 법을 모르겠는데
삶이 무서워 
일상이 무서워
모든 것이 겁나인팔 스팔 맞팔 스레드",15.0,5.0,
14,my_woo____ul,2024-08-19T14:32:52.000Z,https://www.threads.net/@my_woo____ul/post/C-2uAGtTJjJ,"언젠가 썰을 다 풀면
내가 어떻게 극벅해나가고 있는지도
얘기해볼래
우울",23.0,9.0,
15,my_woo____ul,2024-11-17T13:17:42.000Z,https://www.threads.net/@my_woo____ul/post/DCeU8SyTye3,"평균적으로 가람이 가질 수 있는 행복의 수치가 100이라면
1이 최대치인 사람도 존재하는 법이랍니다나의우울",5.0,,
16,my_woo____ul,2024-11-16T17:06:18.000Z,https://www.threads.net/@my_woo____ul/post/DCcKTyCTgdQ,"눈 앞에 있는 그 자리가
너무 밝아보였다
누구든지 갈 수 있는 자리일진데
나만은 못갈 자리로 보였다
속에서 울음이 차오르는걸 꾹꾹 눌러참고
웃으며 박수를 쳐주었다이젠 그 밝은 곳은 가지 않기로 했다나의우울",3.0,,
17,my_woo____ul,2024-11-16T16:46:47.000Z,https://www.threads.net/@my_woo____ul/post/DCcIEycTSwz,내 세상이 어둠인걸 다시 깨달았더니잠이 영 오질 않네나의우울,2.0,,
18,my_woo____ul,2024-11-16T11:07:48.000Z,https://www.threads.net/@my_woo____ul/post/DCbhSCjTK5y,"한때 음악 동료의 결혼식을 다녀왔다되게 씁쓸하달까
난 저 자리엔 오르지 못할테니
저렇게 본인의 부친과 서로 행복하게 바라보는 장면을 나는 만들 수 없을테니
저렇게 가족들과 모여서 행복한 장면을 그릴 수 앖을테니
가족이라는 존재가 나를 억누르고 흉잡힐 소재가 되어버릴테니부럽고 서러웠다나의우울",1.0,,
19,my_woo____ul,2024-11-14T07:52:19.000Z,https://www.threads.net/@my_woo____ul/post/DCWBUk7TeCQ,"저는 사람은 모두 똑같이
태어나 죽음이라는 카르마 속에서 살아간다고 생각합니다
그 안 에서 어떻게 살아가느냐
어떤 Dharma를 쌓아나갈 것이냐
주어진건 다르지만 그래서 겪게될 고난과 풍파는 모두 다르지만
그럼에도 그 환경 안에서 어떤 삶을 만들어갈 것이냐
그것이 중요하다고 생각합니다
이상 뻔한 얘기였습니다Dharma",1.0,,
20,my_woo____ul,2024-11-13T14:23:34.000Z,https://www.threads.net/@my_woo____ul/post/DCUJTTnTl8y,어느샌가 다르마를 잊고 산줄 알았다온전하진 않으나 몸에 체득되어 있었다그나마 다행이라 여겼다나의우울,3.0,,
21,my_woo____ul,2024-11-03T14:18:37.000Z,https://www.threads.net/@my_woo____ul/post/DB6YyO9TAJD,"산은 넘어선다고 끝나는건 아니다
잘 알고 있다
잘 내려오는 것도 중요하고
다음 산을 잘 오르는것도 중요하다그리고
그 산이 내 다리를 내 발을 내 무릎을 나를 망가뜨리려한다면
그 산이 아닌 다른 내가 오를 산이 있기에
과감히 돌아내려올줄도 알아야한다
물론 너무 쉽게 돌아내려오라는건 아니지만나의우울극복기",1.0,,
22,my_woo____ul,2024-10-27T16:45:20.000Z,https://www.threads.net/@my_woo____ul/post/DBooAxOTlBD,"역시나
나를 배제하고자 했구나
이유가 뭐가 되었든
어떤 핑계를 대든
넌 내 인생에서 이제 배제될 거야
덕분에 더러웠고 다시는 삶이 겹쳐지지 말자나의우울",8.0,,
23,my_woo____ul,2024-10-24T04:25:32.000Z,https://www.threads.net/@my_woo____ul/post/DBfk9r1TJTW,"꿈의 실현인줄 알았는데
날 갉아먹고 썩어 문드러지게 만들고 있었다
비참하다",3.0,,
24,my_woo____ul,2024-10-24T00:48:10.000Z,https://www.threads.net/@my_woo____ul/post/DBfMFopTaRU,"내가 없어도 뭐
오히려 더 잘 돌아갈테지누군가는 짐을 덜테고
누군가는 장애물을 덜테고
누군가는 거슬리는 눈엣가시를 덜테고나의 부재를 찰나를 아쉬워는할지언정
곧 아무런일 없이 돌아가겠지어머니께서 계실 때까지는 그래도
어찌든 붙잡고 있어야하는데...",3.0,,
25,my_woo____ul,2024-10-23T22:44:47.000Z,https://www.threads.net/@my_woo____ul/post/DBe99-ETwsr,모든게 내 탓이다그냥 죽어야지,1.0,,
26,iseohyeon3002,2024-10-24T13:34:20.000Z,https://www.threads.net/@iseohyeon3002/post/DBgjxL9TAu8,오랜만이야 너무 연락을 못했네 근데 앞으로도 잘 못할것 같아 너무 힘들어서 사는게 지쳐서,3.0,,
27,iseohyeon3002,2024-10-01T16:21:05.000Z,https://www.threads.net/@iseohyeon3002/post/DAlokU6zB1h,드디어 학교가 학폭위를 데어준데..,2.0,,
28,iseohyeon3002,2024-09-25T08:54:40.000Z,https://www.threads.net/@iseohyeon3002/post/DAVYteYycNf,"이런 못난 친구여서,항상 내 얘기만 해서,항상 짜증만 내서,그 공책하나 못사준 나여서,못난 나여서 미안해 지현아.부디 그곳에선 편안하기를",3.0,,
29,iseohyeon3002,2024-09-24T11:07:48.000Z,https://www.threads.net/@iseohyeon3002/post/DATDJuSyzOa,나 어떡하지..?친구가 암이었는데 죽었어..어떡하지어떡하지..?,4.0,4.0,
30,iseohyeon3002,2024-09-20T16:28:53.000Z,https://www.threads.net/@iseohyeon3002/post/DAJUt39yMUM,너까지 가면 어떡해..너까지 죽으면 어떡해…지현아…내곁에 있어준다며…,2.0,,
31,iseohyeon3002,2024-09-19T05:22:36.000Z,https://www.threads.net/@iseohyeon3002/post/DAFjq8hyuWW,학교폭력으로 얘들 신고 했는데 신고가 안된데…어떻게 해야지 이 고통에서 벗어나…얘들도 지금 내가 신고했다고 날더 심하게 괴롭혀..죽고싶다…,2.0,6.0,
32,iseohyeon3002,2024-09-17T02:19:07.000Z,https://www.threads.net/@iseohyeon3002/post/DAAFFZYSe42,학교에서 정신병원 가보라고 해서 가봤어.우울증 검사 학교에서 하지?그게 난 우리학교 최대로 높이 나온거야와.부모님은 좀 그래서 오빠와 함께 갔어.검사해보니 정말로 높았어.약물치료등이 있었지만 딱히 하지 않았어.밖으로 와오자마자 오빠가 나를 끌어안더니 말해줬어.“서현아 얼마나 힘들었던거야?오빠한테라도 말해주지.너무 늦게 알아줘서 미안해“ 이러고 난 오빠품에서 몇시간을 울었는지 기억이잘 안난다,167.0,31.0,
33,iseohyeon3002,2024-09-16T19:04:36.000Z,https://www.threads.net/@iseohyeon3002/post/C__TW5DTwRK,"울면은 감정조절 못하는 장애인,
울지 않으면 감정도 없는 장애인,
..화를 내면 분노조절 장애인,
…화를 내지 않으면 감정도 없는 장애인,
…웃..으면..아무생각없이 사는 장애인
…웃..지 않으면..검정 없는 장애인….
…뭐 어떡게 하라는 거야..?",9.0,3.0,
34,iseohyeon3002,2024-09-16T19:00:11.000Z,https://www.threads.net/@iseohyeon3002/post/C__S2dPTh_-,댓글을 보니 나를 좋아해주는 사람이 있다는게 느껴져서 울서했어.오랫동안 눈물샘이 말라서 울지 않았는데 댓글보고 얼마나 많이 울었는지 몰라.고마워,40.0,6.0,
35,iseohyeon3002,2024-09-15T16:24:30.000Z,https://www.threads.net/@iseohyeon3002/post/C_8cPaRyNp6,나는 옆에서 괜찮아라는 말보다 옆에서 토닥거리면서 아무말 없고 그저 옆에 있는게 좋더라.근데 그렇게 해주는 사람이 한명도 없더라..?ㅎㅎ…,13.0,8.0,
36,iseohyeon3002,2024-09-15T16:22:25.000Z,https://www.threads.net/@iseohyeon3002/post/C_8cAHfSKG5,오늘 자다가 눈 뜨니깐 내가서난간 위에라서있더라,3.0,2.0,
37,iseohyeon3002,2024-09-06T14:54:28.000Z,https://www.threads.net/@iseohyeon3002/post/C_lGyJASiVd,,,1.0,
38,iseohyeon3002,2024-09-06T14:54:31.000Z,https://www.threads.net/@iseohyeon3002/post/C_lGyelyIC3,힘들다고…,3.0,,
39,gh0422,2024-11-18T17:40:23.000Z,https://www.threads.net/@gh0422/post/DChXzJDS9bQ,"나는 상담시 선생님께 불만을 별로 드러내지 않는 어느날 한 스친이 말한 '착한 환자'다.누군가는 투정도 부리고 화도 내고 뭐 그런다는데.. 난 지금 주치의 선생님께 지난 2년반동안 항상 뭔가가 조심스러웠다.대학병원에서 교수님을 대면할때도 그랬고
입원전 다니던 병원에서도 그랬고
장기간 다니던 상담센터에서도 그랬었다.생각해보면 나의 가장 솔직한 모습을 보는 사람중 하나인데 그 사람에게 미움받고싶지 않아서 그랬던거같다.난 근래 상태가 좋지는 않았었고 야금야금 약은 늘어가고 있었다.어떠한 이유인지는 모르겠지만 언제부턴가 상담시간에 선생님은 왜요? 왜 그렇게 생각해요? 라는 말씀을 많이 하셨고 그 끝없는 질문은 내 세계를 파괴하고 내 정신을 혼란스럽게 했다.수개월째 매일밤 현실같은 악몽을 몇개씩 꾸는 나는 점점 지쳐 상담시간도 싫어졌고 아무것도 말하기가 싫어졌었다.하지만 계속 그럴수는 없기에 난 오늘 조심스레 말했다.""선생님. 저 선생님 질문이 버거워요..""",20.0,26.0,
40,gh0422,2024-11-18T05:15:14.000Z,https://www.threads.net/@gh0422/post/DCgCheFSSgf,"단골집. 캔디.난 매주 월요일에 단골집에 가
12시쯤까지 도착해서 12시 15분부터 볼일보고 1시에 나오는데15분에 볼일보기전 앉아있으면 항상
아주머니께서 광희씨 왔어요^^? 하고 인사 해주시는데 오늘은 광희씨 밥 먹었어요? 하시길래(난 눈뜨자마자 옷입고 양치도 안하고 마스크, 모자쓰고 가는거라 밥을 안먹어.)그래서 아뇨 아직이요ㅎ 했었는데
상담 끝나고 기다리다가 약사선생님 (아주머니)께서 배고플테니 사탕이라도 먹어요~ 하고 주셨어.역시 단골이 최고야😀",13.0,17.0,
41,gh0422,2024-11-16T19:48:58.000Z,https://www.threads.net/@gh0422/post/DCcc7P2zGqH,"그...ㅎㅎ .
하고싶은 말이 너무 많은데..
다 쓸수가 없어서 조금 줄이자면.진심인데 너무 매일매일 죽고싶고 죽어야 할거같은데병원도 꼬박꼬박 잘 가고
약도 잘 챙겨먹고
누군가를 만나고 즐거운 시간도 보내기도 하고
배고프면 밥도 먹어매일매일 내가 살아가야할 이유를
이세상에 존재할 필요를 찾아.그리고 이곳에 글을 올리며 동정과 공감 위로를 구하기도 하지.이런거보면 안죽고싶은 사람 아닌가?근데 난 왜 이런걸까?
왜 나아지지 않지?절망하기 싫고 용기내고 싶은데 너무 많은게 두렵고 허망하고 주위사람들에게 나아지지 못하는 내 모습이 너무 죄스러워.",11.0,17.0,
42,gh0422,2024-11-16T11:28:12.000Z,https://www.threads.net/@gh0422/post/DCbjncWytl4,"내가 옛날에 데이식스의 놓아 놓아 놓아를 진짜 매일매일 한곡반복으로 들었었는데 그땐 데이식스가 그렇게 인기가 많지는 않았던거같아 (아마도?)
그래서인지 난 항상 멜론 인기차트에 있는 데이식스들이랑 놓아 놓아 놓아의 데이식스랑 연관을 못지었고 놓아 놓아 놓아도 이젠 잘 듣지 않아서 존재 자체를 잊었었는데 헐...오늘 그냥 심심해서 인기차트에 있는 데이식스 노래를 들었는데 수년을 안들었던 놓아~ 가 생각나면서 그 데이식스?! 하고 확인해보니 얘네가 얘네가 맞았어.....나 아마 오늘부터 데이식스 정주행 할지도 몰라ㅋㅋㅋㅋㅋ",7.0,10.0,
43,melora_gllomy,2024-11-13T17:12:00.000Z,https://www.threads.net/@melora_gllomy/post/DCUck4CBlnj,"더 무엇을 얼마나 어떻게 어디까지 더 해야 난 살 가치가 생길까.
살아있다는 것에서 오는 죄책감.
그래서 자꾸만 틀리는 생존의 흔적이 너무 혐오스러워.",5.0,1.0,
44,melora_gllomy,2024-11-08T22:45:23.000Z,https://www.threads.net/@melora_gllomy/post/DCIKwWFTUps,"위염 진단을 받았어.
무의미한 나에게 약을 챙겨먹여야 하는건 귀찮은 일인 걸 알면서,
내 발로 병원에 갔네.
내 삶은 언제나 이토록 모순적이야.
순식간에 오르는 심박수, 막혀오는 호흡, 어쩔수 없이 고여 흘러버리는 눈물, 죽을거 같은 두려움.
그 찬라가 어제 또 오랜만에 스쳤어. 괴롭더라 여전히",3.0,1.0,1.0
45,melora_gllomy,2024-11-06T09:07:21.000Z,https://www.threads.net/@melora_gllomy/post/DCBjjDlBiFg,"매미가 그만 울면 죽어야지 그랬었는데,
첫눈이 내리면 죽어야지하고 결심했어.",23.0,12.0,
46,melora_gllomy,2024-10-30T15:11:27.000Z,https://www.threads.net/@melora_gllomy/post/DBwLpr3hCeP,"유일하게 현실에서 도망칠 수 있는 약, 수면유도제.
두알을 집어삼켰다.
하루를 겨우 버텼기에 새벽까지 견뎌낼 자신은 도저히 없어서.
이래서 난 수면 유도제 주변을 맴돌며 살아야 하나보다, 이렇게 벅찬 삶이라.
용기가 없는 초라한 절벽 위 삶이라.
불쑥 당연히 맞이할 아침이 걱정된다, 바보처럼.",3.0,4.0,
47,melora_gllomy,2024-10-30T08:40:31.000Z,https://www.threads.net/@melora_gllomy/post/DBve6fthl-z,"어쩌면 좋을까 . 어떻게 해야 남은 오늘을 살아낼 수 있을까 . 또 남은 기운을 모아 괜찮은척 , 그런척 그렇게 얼마나 더 해야 오늘이 끝날까 .",9.0,,
48,melora_gllomy,2024-10-30T03:18:11.000Z,https://www.threads.net/@melora_gllomy/post/DBu6BoVBQlq,"기절해버릴 거 같다.
슬픔과 혼란함, 알수없는 마음에 잠겨 질식해버릴 거 같다.
쉬고싶다, 도저히 몸을 움직여 하루를 유지할 기력이 나지 않는다.
그럼에도, 그저 멍청하게 쉬면 눈물만 흐를 거 같아, 쓸모없는 마음에 휘둘리기만 할 거 같아 일어나야 할 것만 같다.
부서질 거 같다, 영혼도 육체도.",9.0,1.0,
49,melora_gllomy,2024-10-30T02:33:29.000Z,https://www.threads.net/@melora_gllomy/post/DBu06QIBPUE,"믿고 의지하고 그렇게 내 삶의 가장 단단하고 부드러운 존재로 여기는 건 나 혼자만인 거 같아서,
내 슬픔에 함께 슬퍼해 주길 바라는 건 너무나 내 욕심인 거 같아서,
괜찮다는 말, 그 작은 한마디 듣지 못해도 꾹 참고 넘어가야 하는 게 우리인거 같아서.
서운하다 말하고 싶어도 아랫 입술을 깨물어.
그렇게 말해버리면 없어져버릴 거 같으니까.",3.0,,
50,melora_gllomy,2024-10-30T00:03:56.000Z,https://www.threads.net/@melora_gllomy/post/DBujy5Lhfv0,"아침부터 눈물이 흘렀어.
혼란스러운 나, 가지면 안되는 마음에 아파하는 나, 그런 내 자신들이 무언갈 고장나게 했나봐.
괜찮다는 말 한마디가 듣고싶을 뿐이었는데 그게 없다는게 나를 주저앉게 했나봐.
흘러가는 물소리에 흐르는 눈물 소리를 가뒀어.
나는 지금 또 괜찮은 척 굴고있는 내가 아파.
 그럼에도 난 아무말 못한 채 이 마음이,감정이 흘러 무뎌지길 기다려. 서운하다고 왜 그 짧은 말 하나 해주지 못하냐고 따져들 수 없으니까. 이해하려 노력해, 바쁘니까 당연히 그래야할 의무 이런건 없는거니까. 그저 내가 가장 믿고 의지한다는 그 사실만 존재하는 우리니까. 그렇게 하루종일 날 설득할 거야.",2.0,,
51,melora_gllomy,2024-10-29T12:33:24.000Z,https://www.threads.net/@melora_gllomy/post/DBtUxQ6Bz2u,"상담 신청서 가장 앞 부분을 채우다 눈물이 터졌어.
고작 해봐야 아주 간단한 정보 몇개 쓰는거였는데. 아직 아무런 질문도 하지 않았는데.
고여드는 눈물을 닦는데 참 아무것도 모르겠더라.
난 왜 이럴까 그런 의문만 싸여버렸어. 신청서 작성은 다시 서랍으로 갈 것만 같네.
안하고싶어서 그런게 아닌데, 도망치고 싶어서 그런게 아닌데.
정말 난 해보고싶었는데.",9.0,5.0,
52,melora_gllomy,2024-10-29T08:19:48.000Z,https://www.threads.net/@melora_gllomy/post/DBs3vz3BIDC,"내 마음을 제대로 열어보일 자신도 , 솔직하게 검사에 대답할 마음도 , 잘 살겠다고 다짐할 확신도 없어 . 침묵과 모르겠단 말 투성일테지. 거짓말로 날 꾸미고 나를 들키는게 무서워 도망칠테고 , 어쩌면 더 굳게 참고 의무감에 그 시간을 흘려 보낼거 같기도 해.
그럼에도 상담을 시작하는게 맞을까 ? 100% 자신이 없어도 , 완전히 신뢰하고 애쓸 마음을 모르겠어도 그래도 시작해도 되는걸까 ?",3.0,3.0,
53,melora_gllomy,2024-10-29T08:01:50.000Z,https://www.threads.net/@melora_gllomy/post/DBs1sMfhKX6,"감정이란 걸
아침에 울려대는 알람 처럼 터치 한 번에 꺼버릴 수 없다는 걸 너무나도 잘 알아서.
이젠 정말로 삼담이란 걸 도전해볼까 해.
확신은 없어, 그러나 조금 더 용기를 내어볼까 해.
시작하면 어떻게든 흘러가겠지 이런 마음을 품어보고 싶어.
이제는 정말 그래야 할 때가 온것만 같아, 무엇이라도 누구라도 어디라도 도와달라 말할 곳이 필요한 것 같아.",5.0,,
54,melora_gllomy,2024-10-29T02:12:12.000Z,https://www.threads.net/@melora_gllomy/post/DBsNraVB7S6,"이유 없는 불안감이 차오를 때,
끝까지 쫓아가 이유를 뭐라도 건져내야 하는지,
그저 불안함이 지나갈때까지 이유를 모른채로 지나쳐도 괜찮은건지 모르겠다.
무슨 말이라도 덕지덕지 붙이려니 힘겹고,
그럼에도 모르겠다는 말은 너무 무책임한 거 같아서.",8.0,2.0,
55,ibfci,2024-07-06T19:36:05.000Z,https://www.threads.net/@davidbowienews/post/C9F9ue-sY5b,"소리지르다davidbowienewsDavid Bowie, 1999, by Jill Greenberg.  
번역하기David Bowie, 1999, by Jill Greenberg.  
번역하기",14.0,1.0,
56,ibfci,2024-07-06T19:36:05.000Z,https://www.threads.net/@davidbowienews/post/C9F9ue-sY5b,"davidbowienewsDavid Bowie, 1999, by Jill Greenberg.  
번역하기David Bowie, 1999, by Jill Greenberg.  
번역하기",,,
57,ibfci,2024-07-07T20:20:50.000Z,https://www.threads.net/@freud.intensifies/post/C9InpEIohz5,제발freud.intensifies,10.0,,
58,ibfci,2024-07-07T20:20:50.000Z,https://www.threads.net/@freud.intensifies/post/C9InpEIohz5,freud.intensifies,,,
59,ibfci,2024-07-06T09:39:10.000Z,https://www.threads.net/@ibfci/post/C9E5afyRDXC,"그
조울증으로 들어왓어요..!!!근황입니다.
정신병동 입원했어요.
위험한 짓 해서 들어온 건 아닙니다.근황입니다.
정신병동 입원했어요.
위험한 짓 해서 들어온 건 아닙니다.",32.0,4.0,
60,ibfci,2024-07-06T09:39:10.000Z,https://www.threads.net/@ibfci/post/C9E5afyRDXC,"근황입니다.
정신병동 입원했어요.
위험한 짓 해서 들어온 건 아닙니다.근황입니다.
정신병동 입원했어요.
위험한 짓 해서 들어온 건 아닙니다.",,,
61,ibfci,2024-07-08T07:17:12.000Z,https://www.threads.net/@ibfci/post/C9JywczRGsK,안녕합니다…,35.0,10.0,
62,ibfci,2024-07-08T07:16:25.000Z,https://www.threads.net/@ibfci/post/C9Jyqu0RH87,아니뭐지정말오랜만이네요…,32.0,3.0,
63,ibfci,2024-07-06T09:39:10.000Z,https://www.threads.net/@ibfci/post/C9E5afyRDXC,"근황입니다.
정신병동 입원했어요.
위험한 짓 해서 들어온 건 아닙니다.",138.0,26.0,1.0
64,ibfci,2024-06-27T12:09:29.000Z,https://www.threads.net/@ibfci/post/C8t_cbqy0k2,,17.0,1.0,
65,ibfci,2023-11-23T23:29:12.000Z,https://www.threads.net/@ibfci/post/C0AcwDGPHPo,머야이거답글인데영화 ’물에 빠진 나이프‘ 같다. OST가 유명하지. 그 영화도 사랑에 빠진 두 소녀와 소년이 배에 올라타서 같이 물에 빠져.영화 ’물에 빠진 나이프‘ 같다. OST가 유명하지. 그 영화도 사랑에 빠진 두 소녀와 소년이 배에 올라타서 같이 물에 빠져.,4.0,,
66,ibfci,2023-11-23T23:29:12.000Z,https://www.threads.net/@ibfci/post/C0AcwDGPHPo,영화 ’물에 빠진 나이프‘ 같다. OST가 유명하지. 그 영화도 사랑에 빠진 두 소녀와 소년이 배에 올라타서 같이 물에 빠져.영화 ’물에 빠진 나이프‘ 같다. OST가 유명하지. 그 영화도 사랑에 빠진 두 소녀와 소년이 배에 올라타서 같이 물에 빠져.,,,
67,mew_shin_,2024-11-09T06:39:42.000Z,https://www.threads.net/@mew_shin_/post/DCJBCRdv2zZ,"썸타고 싶어? 방장이 직접 손편지 써주는 🍒연화썸🍒 오픈톡으로 와~ 텃세 no! 룰은 최소한! 얼공 자유! 목공 없음! 벙 자유! 외출 자유! 투방 쓰리방 ㅇㅋ! 해외 ㅇㅋ!
일반 톡커들에겐 남자 마감이지만 방장 스레드 보고 왔다고 하면 스루패스!!
open.kakao.com/o/gGM…",9.0,1.0,
68,mew_shin_,2024-11-18T06:38:49.000Z,https://www.threads.net/@mew_shin_/post/DCgMFuXTyN8,"24.11.18
🧡앙큼 상큼한 오렌지🧡
에도가와 란포의 지붕 속 산책자 필사 계속",10.0,5.0,
69,mew_shin_,2024-11-17T05:45:10.000Z,https://www.threads.net/@mew_shin_/post/DCdhJ1-vKNr,맛있는 먹부림들 with my love 💕,11.0,9.0,
70,mew_shin_,2024-11-16T18:07:26.000Z,https://www.threads.net/@mew_shin_/post/DCcRThnyHti,어찌어찌 하루 한 장 필사 조금씩 하긴 함...ㅋ,15.0,2.0,
71,mew_shin_,2024-11-16T06:57:04.000Z,https://www.threads.net/@mew_shin_/post/DCbElnKTMhC,"24.11.16
🧡orange mood🧡
원래 두 장 필사하고 올리려고 했는데 이번주에 데이트 하느라 바빠서 두 장 다 쓰려면 일주일만에 포스팅 하겠다 싶어서 한 장씩 올리기로 함.
소설도 너무 재미있는데 진도가 안 나간다 🤣🤣🤣
다음 장도 앙큼상큼한 오렌지색♡필사",3.0,,
72,mew_shin_,2024-11-15T22:36:27.000Z,https://www.threads.net/@mew_shin_/post/DCaLS-izVH9,"오늘 데이트 코스 추천 받음...
이제 아이디어 떨어졌어",7.0,8.0,
73,mew_shin_,2024-11-15T12:21:21.000Z,https://www.threads.net/@mew_shin_/post/DCZE52OvHgT,"행복한 러브데이 차
조개구이는 내 취향이 아닌걸로...",14.0,4.0,
74,mew_shin_,2024-11-15T05:46:13.000Z,https://www.threads.net/@mew_shin_/post/DCYXrytTfAP,"24.11.15 (금)
오늘의 하루 한 장 필사.
남친이 같이 지내는 주간이라 책 필사는 거의 건드리지도 못 하고 있다... 데이트하러 돌아다니느라 피곤한 것도 있고...",8.0,1.0,
75,ryasien,2024-11-18T15:47:05.000Z,https://www.threads.net/@ryasien/post/DChK1TxzPds,"약을 까먹고 을 안 먹었더니, 무기력증이 심해져서 침대에 하루종일 누워만 있었다. 핸드폰 보다가 잠들다가의 반복. 머리 속에서는 '이렇게 누워만 있지 말고, 오늘 해야할 일들을 해야지!' 생각하는데, 정작 내 몸은 침대에 콕 박혀있다. 엄마는 무기력하니까 움직여야 무기력이 없어지지! 말하는데, 그 말에 동의하면서도 움직이지 않는 내가 한심하다. 
우울증일기",16.0,5.0,1.0
76,ryasien,2024-11-05T12:47:24.000Z,https://www.threads.net/@ryasien/post/DB_X745zqbs,"가끔은 우울증이 감기나 다른 증상처럼 아프다는 증상이 확 보였으면 좋겠다는 생각을 한다. 감기는 기침이 줄고, 콧물이 멈추고, 열이 내려가면서 나 자신 스스로도 감기가 나았다는 걸 잘 알 수 있는데, 우울증은 잘 모르겠다. 
약을 먹고, 전보다 나았다는 건 확실한데, 아직도 나는 뭔가 게으르고, 일도 안하고, 집에서 쉬고만 있는다. 나라는 인간이 원래 이런 건지, 우울증 때문인지 구분이 잘 안 간다. 
나는 우울증을 극복하고 싶은걸까? 아니면, 우울증의 뒤에 숨어 변명을 하고 있는 걸까...? 요즘 많이 드는 의문이다.",93.0,17.0,1.0
77,ryasien,2024-10-18T15:25:54.000Z,https://www.threads.net/@ryasien/post/DBRTxHMThk6,"우울증에 걸린 후 제일 하기 어려운게 바로 나 자신을 사랑해주는 것 같다.가족도, 친구도, 강아지도 내 눈엔 모두 사랑스러운데, 나 자신만 사랑스럽지 않다.스스로가 볼 때 한 없이 못난 모습만 쏙쏙 보여서 항상 나자신이 제일 채찍질한다. 남에게 못하는 제일 못된 말을 스스로에겐 너무나 쉽게 내뱉는다.얘는 이래서 부족하고, 얘는 이래서 못났고, 얘는 장점이라고는 하나 없고....이런 내가 때리고, 못살게 굴어서 엉망이 된 모습으로 가장 밑바닥에서 스스로를 억지로 마주 봤을 때 그 기분...아직도 나자신을 사랑하는게 제일 어렵다.
우울증일기",96.0,16.0,1.0
78,ryasien,2024-09-24T15:01:32.000Z,https://www.threads.net/@ryasien/post/DATd5kszyon,"기억력 감퇴와 인지능력 저하로 사건 사고가 많았던 회사 생활은 걸국 퇴사로 마무리되었다. 휴직이 어렵기도 했고, 휴직 후 돌아왔을 때 내가 잘 해낼 자신도 없었다. 하지만 공황 초기증상까지 나타난 나에게 휴식이 필요한 건 확실해보였다환승이직으로 5년을 쉬지 않고 달려온 내 사회생활은 그렇게 갑자기 휴식으로 바뀌어 버렸다. 퇴사 후 한달 정도 되어가는데, 여유로운 일상이 좋다가도 문득 불안이 밀려온다.'빨리 이직해야 공백이 없을텐데, 만약 취직이 빨리 안되서 공백기가 길어지면 어쩌지?'
'퇴사 이유는 뭘로 말하지? 우울증이라 말할수는 없잖아.'
'근데 내 경력 괜찮은걸까? 이렇게 퇴사할지 모르고 뭔가 준비도 안했는데 물경력인가..?' 등등....온갖 불안이 휘몰아친다. 그러면서도 우울증은 이력서 한줄 쓰지 못하게 한다. 나 자신도 참 아이러니한데 그렇다.의사 선생님께서는 모처럼 온 휴식을 온저히 쉬라고 하셨지만, 불안이를 내려놓기는 쉽지 않은 것 같다.
우울증일기",18.0,19.0,
79,ryasien,2024-09-21T13:25:44.000Z,https://www.threads.net/@ryasien/post/DALkjQRzk_j,"우울증약을 처방받고 꾸준히 복용하고 있지만, 뭔가 내 증상이나 기분이 나아진다는 느낌을 받지 못해서 효과가 있는 것인가 하는 의문이 있었다.하지만 어제 깜박하고 약을 못 먹었는데, 눈물이 나올 상황도 기분도 전혀 아닌데 울컥하는 내 모습을 보며 깨달았다.약은 나를 행복한 인간으로 바꿔주진 않지만, 나를 저 끝없는 어둠 속으로 떨어지지 않게 붙잡아 줬구나.
우울증일기",104.0,41.0,3.0
80,ryasien,2024-09-17T14:02:04.000Z,https://www.threads.net/@ryasien/post/DABVh6CTY_U,왜 어두운 밤이 되면 오라는 잠은 안오고 슬픔이 찾아오는 걸까? 이유도 없이 눈물이 날 것 같아 잠은 더 멀리 달아난다.우울증일기,26.0,2.0,
81,ryasien,2024-09-10T05:43:10.000Z,https://www.threads.net/@ryasien/post/C_ua3wuPH6r,"나는 고소공포증이 있다. 
정확하게는 떨어지는 느낌 자체가 내게는 너무 무서웠다. 그래서 어렸을 때는 물론이고, 지금도 놀이동산에서 떨어지는 놀이기구는 못 탄다. 만약 누군가 내게 평생 먹고 살 수 있는 거액을 줄테니 번지점프를 하라 해도 단번에 거절할 수 있을 정도로 무섭다.그런데 공황이 터지고 불안이 극에 달하여 내 이성이 마비되었던 날. 생전 처음 맛본 공포에 정신이 나간 나에게 들어온 건 우리집 12층 베란다 창문이었다. 나도 모르게 창문으로 다가가서 하염없이 밑에만 바라봤다.'여기서 떨어지면 그냥 끝나지 않을까?'순간 엄청난 유혹에 휩싸인 나를 붙잡은 건 떨어지는 공포가 아닌 내가 죽은 후에 오열하는 가족의 모습이었다.우울증은 정말로 무서운 병이다.
우울증일기",8.0,4.0,
82,ryasien,2024-09-10T05:27:10.000Z,https://www.threads.net/@ryasien/post/C_uZCi4PP-4,"내가 우울증일거라고 생각 못한 이유 중 하나는 자살사고에 대한 인식이었다.나는 내일 당장 죽어도 삶에 미련이 없지만, 스스로 죽고 싶은가? 라고 물어면 '아니오.'라고 대답할거다. 나는 스크레스가 극에 달하거나 불안이 나를 집어삼켜버린 날에는 밤에 누워 잠들 때마다 내일이 오지 않았으면 했다. 그냥 이대로 눈을 감고 잠들면 스르륵 죽길 바라거나, 갑자기 사고가 나서 나 혼자만 죽는 상황을 상상하기도 했다. 힘든 상황에 누구나 그런 생각을 한다 생각했다.하지만 이런 생각이 수동적인 자살사고이고, 정신이 건강한 사람들은 저런 생각을 하지 않는다는 이야기를 들었을 때 너무 충격적이었다.나는 언제부터 우울증의 싹이 트기 시작한걸까?
우울증일기",12.0,5.0,2.0
83,j.yeon_0604,2024-11-10T03:15:42.000Z,https://www.threads.net/@j.yeon_0604/post/DCLOfDLP1Cj,"죽고싶어.
여러 이유들이 있지만, 자기혐오, 증오, 주변사람들의 시선, 가족들의 무관심, 우울감이 계속 지속되는 것, 그냥 나 자체가 싫어서 사라지고 싶은 것 등등
그래서 다 그만두고 싶은 마음이 계속 드는데 
날 계속 봐주는 사람들은 날 말려. 
그런데 나 더이상 견디기가 좀 힘들어.. 언제까지 견디며 살아가야할 지도 모르겠고,, 막막해..
시도하더라도 실패는 안했으면 좋겠어..",1.0,3.0,
84,j.yeon_0604,2024-11-04T09:54:35.000Z,https://www.threads.net/@j.yeon_0604/post/DB8fXSpvwuD,"어찌해야하나..
답답하다 정말..
머리도 너무 아파",6.0,6.0,
85,j.yeon_0604,2024-11-03T17:19:21.000Z,https://www.threads.net/@j.yeon_0604/post/DB6td-4zTPO,"자다 깼는데 머리가 너무 아프다.. 우을하고..
즉고싶어. 다 내 잘못 같고, 겉으로는 사람들이 겉으로는 챙겨주지 속으로는 날 다 욕하고 있을 것 같아. 뭔가가 날 저 밑으로 끌어당기는 것 같아.
붙잡을 게 필요해. 근데 없는 것 같아. 이 새벽에 
옆에 엄마 자고 있는데 괜히 미안해진다..
울고싶어.. 오늘 하루 그래도 잘 버텼다 (학교 안가는 날이어서 좀 더 버티는게 수월?했음)
아무도 없으면 인형이나 껴안고 울어야지 뭐..
괴롭다..",26.0,31.0,
86,j.yeon_0604,2024-11-03T11:19:56.000Z,https://www.threads.net/@j.yeon_0604/post/DB6EVlNPT0N,"나 이대로 가도 되는걸까 란 생각이 계속 드는데
이 생각이 든다는 건 죽고싶지 않다는 것 같은데
또 살려고 마음먹기는 쉽지 않고.. 나 어떻게 해야 할까..?
최고의 스트레스는 학교야 지금. 
근데 학교는 가야하잖아..? 
내가 학교를 없엘수도 없고..
무슨 방법없을까..?
없으면 그냥 죽는 거 밖에는 난 생각이 안나서 그래..
도와주세요..🫠",5.0,,
87,j.yeon_0604,2024-11-02T13:10:50.000Z,https://www.threads.net/@j.yeon_0604/post/DB3sO9yP7mk,공허하다..,3.0,,
88,j.yeon_0604,2024-10-29T09:31:02.000Z,https://www.threads.net/@j.yeon_0604/post/DBs_5m4PXpn,"너무 힘들다..
밖에선 웃고, 아무렇지 않은척 생활하면서도 집에 오면 터져버리는 눈물.. 울고 울어도 풀어지지 않는 우울감.. 나는 어찌해야 할까..
진짜 죽고싶다는 생각밖에 안들어 지금..
이 상태에서 벗어나고 싶은데 아무것도 하기가 싫어..",3.0,1.0,
89,j.yeon_0604,2024-10-28T18:33:21.000Z,https://www.threads.net/@j.yeon_0604/post/DBrZKsIzl8R,잠 안온당..,2.0,2.0,
90,j.yeon_0604,2024-10-27T13:53:58.000Z,https://www.threads.net/@j.yeon_0604/post/DBoUZoAP6Wy,"힘들어.. 나 분명 그저께, 어제, 오늘 오전까지 기분 나쁘지 않았었는데 오늘 잘때되니까 또 우울해..
나 내가 느끼는 부정적인 느낌이 올 때마다 너무 싫어.. 싫고.. 짜증나고.. 
잠 잘 수 있으려나.. ㅠ",16.0,23.0,
91,j.yeon_0604,2024-10-26T18:51:30.000Z,https://www.threads.net/@j.yeon_0604/post/DBmRp4vTRBK,"내가 너무 싫어.. 마음에 안들어
다시 태어나는 것 밖에 답이 없는 것 같이 느껴져
혹시 새벽에 들을 만한 노래 추천해 줄 수 있어?
좀 지치고 우울할 때, 너무 밝고 희망찬 노래는 잘 안들어..",12.0,8.0,
92,j.yeon_0604,2024-10-24T07:47:13.000Z,https://www.threads.net/@j.yeon_0604/post/DBf8C0bPMd3,"나 오랜만에 광합성중인데 자꾸 걷는데 우울하고, 울컥하는 감정이 올라와서 어떻게 해야할 지 모르겠어. 내 눈앞에 보이는 자연은 너무 예쁜데..
죽고싶은 마음이 들어
그만.. 살고 싶은 마음이 생각이 막 막 들고..
계획은 세우질 않았었는데 다시 세우고 싶어지고 막.. 그래😂💔 흐어어ㅓ어어어ㅓ어어어어ㅓㅇ
마음 대박살..
다행히 내일 상담 받는 날이라 다행..? 이야
상담은 나의 숨 쉴 구멍이야",5.0,4.0,
93,j.yeon_0604,2024-10-24T02:44:51.000Z,https://www.threads.net/@j.yeon_0604/post/DBfZcOBv4_q,오늘도 우울하네.. 뭐하면 좋을까?,8.0,88.0,
94,j.yeon_0604,2024-10-23T02:34:39.000Z,https://www.threads.net/@j.yeon_0604/post/DBczerBPXZK,셤공부 중인데 힘든데.. 지금까지 나 도와준 사람들 생각하니까 울컥한다.. 그만큼의 힘을 못 내고 있는 것 같아서🥺,5.0,2.0,
95,j.yeon_0604,2024-10-21T01:49:40.000Z,https://www.threads.net/@j.yeon_0604/post/DBXkvd3SPwt,아침부터 생각이 많은 하루,4.0,3.0,
96,j.yeon_0604,2024-10-20T12:42:28.000Z,https://www.threads.net/@j.yeon_0604/post/DBWKpzNv6gB,"첫 스레드우울한 나를 매일 달래
지쳐..
그만하고 싶어😮‍💨😭
내일부터 시험인데 우울해서 큰일...ㅠ",15.0,9.0,
97,chunhwa_love,2024-11-17T04:29:32.000Z,https://www.threads.net/@chunhwa_love/post/DCdYf5ov-Q0,고백은 이렇게…heart_cautionheart_caution,5.0,3.0,
98,chunhwa_love,2024-11-16T22:42:39.000Z,https://www.threads.net/@chunhwa_love/post/DCcwzUqzDPI,노래 가사처럼 사랑하는 사람 있어요???loveyun3927loveyun3927,5.0,6.0,
99,chunhwa_love,2024-11-16T11:16:57.000Z,https://www.threads.net/@chunhwa_love/post/DCbiVCMvEho,🥹1the1_music1the1_music,4.0,2.0,
100,chunhwa_love,2024-11-16T11:15:21.000Z,https://www.threads.net/@chunhwa_love/post/DCbiJYnPDxV,눈물나 ㅠㅠmuziik.timemuziik.time,10.0,1.0,
101,chunhwa_love,2024-11-16T06:22:20.000Z,https://www.threads.net/@chunhwa_love/post/DCbAnSRP4x1,지금의 내모습,25.0,6.0,
102,chunhwa_love,2024-11-16T01:32:12.000Z,https://www.threads.net/@chunhwa_love/post/DCafWj5v3YH,"이렇게 크림 막바른 여자 봤어?? ㅋㅋㅋ 
세수도 아니고 참 나답다 ㅎㅎㅎ",39.0,11.0,
103,chunhwa_love,2024-11-15T22:00:58.000Z,https://www.threads.net/@chunhwa_love/post/DCaHPFaT5D5,"친구들의 공감 너무 고마워
그래서 근육을 만들어 볼까해 
난 165/ 51 체지방은 20정도나와
그래도 난 체지방 때가 그리워
그래서 체지방을 줄이고 근육을 만들고 싶어 
어떤 운동이 좋을까???",23.0,7.0,
104,chunhwa_love,2024-11-15T21:55:43.000Z,https://www.threads.net/@chunhwa_love/post/DCaGoriTENo,고백 받는 느낌이 들었어sup_trendysup_trendy,3.0,,
105,fall_1you,2024-11-03T07:06:43.000Z,https://www.threads.net/@fall_1you/post/DB5nW4xvi-a,하 그냥 다 그만하고 싶은데 지금 상담쌤한테 연락해서 그만둔다고 해도 돼? 말 안하면 돌아버릴 것 같아,9.0,4.0,
106,fall_1you,2024-10-17T15:03:32.000Z,https://www.threads.net/@fall_1you/post/DBOsaXWPnYL,불안해서 미칠 것 같은데 누가 나 좀 꽉 안아주면 좋겠다,158.0,116.0,2.0
107,fall_1you,2024-10-14T03:15:45.000Z,https://www.threads.net/@fall_1you/post/DBFtBx-PsaF,학교 가서 출튀나 하는 내 자신이 ㅈㄴ 싫다,5.0,3.0,
108,fall_1you,2024-10-13T15:45:09.000Z,https://www.threads.net/@fall_1you/post/DBEd_tPhXr0,"삶은 희망고문같아 
나아질거라는 희망으로
행복해질 수 있을 거라는 희망으로
고문 같은 하루하루를 또 버텨내야 하잖아...",5.0,3.0,
109,fall_1you,2024-10-11T08:39:01.000Z,https://www.threads.net/@fall_1you/post/DA-jo3TPwMo,아마 나는 나를 바꾸고 싶어서 상담실에 앉아 있는게 아니라 그냥 그런 일시적인 관계에서 얻는 공감과 따스함을 원했던 건지도 모르겠어. 이건 마치 끊을 수 없는 중독같은 느낌이야 끝나면 엄청 공허하지만 그 순간에는 내가 그사람의 일부가 될 수 있을 듯한 병신같은 기대말야.,10.0,,
110,fall_1you,2024-10-11T06:04:35.000Z,https://www.threads.net/@fall_1you/post/DA-R9q3PqeN,"그냥 옆에 있어주기만을 바랬는데.. 
그걸로 충분한데
맞아 내가 이기적인거",9.0,2.0,
111,comfort._y,2024-11-12T13:11:32.000Z,https://www.threads.net/@comfort._y/post/DCRcQxFTjxH,내일이 안 왔으면 좋겠다는 바램은 평생 바뀌지 않을 것 같아,4.0,,
112,comfort._y,2024-10-29T15:43:45.000Z,https://www.threads.net/@comfort._y/post/DBtqjaSz98S,행복하다고 확신할 수 있도록 노력해볼게,6.0,,
113,comfort._y,2024-10-23T09:36:11.000Z,https://www.threads.net/@comfort._y/post/DBdjt-wy1HW,예?,8.0,,
114,comfort._y,2024-10-20T05:03:35.000Z,https://www.threads.net/@comfort._y/post/DBVWI3uT-xp,🍒: ㅃ..뽀스 왕관이 안 맞는데요..,20.0,,
115,comfort._y,2024-10-16T18:27:41.000Z,https://www.threads.net/@comfort._y/post/DBMe-tKTPr0,"방금 일어난 체리 준님이 올리신 영상 보고 냅다 오열. 그.. 편지까지는 오케이인데요, 종말론은.. 조금 힘들 것 같은데요;;",10.0,,
116,comfort._y,2024-10-11T08:28:16.000Z,https://www.threads.net/@comfort._y/post/DA-iaGfTDjN,아 오늘 준님 보는 날이에요…?? 아 그러네…????,9.0,,
117,comfort._y,2024-10-10T14:06:48.000Z,https://www.threads.net/@comfort._y/post/DA8kWvMTtHU,"눈 앞에 내 세상이 흐릿해져.. 혼자 울지 않기로 약속했는데 미안해. 5분만 이러고 있을게.. 내가 생각했을때 모든 게 다 내 탓인거 다 아는데, 내 책임인거 아는데, 그냥 너무 허무하고 부질없어. 나 혼자 밤에 갇혀 어두운 이야기 꺼내지 않기로 다짐했는데 결국 또 지키지 못하는 바보라서 미안해.. :)",6.0,,
118,comfort._y,2024-10-08T15:07:48.000Z,https://www.threads.net/@comfort._y/post/DA3hvtUzkqV,아무나 괜찮다고 해주면 좋겠다. 진짜.. 울고 싶다,14.0,4.0,
119,comfort._y,2024-10-08T07:11:32.000Z,https://www.threads.net/@comfort._y/post/DA2rNpTC_JL,체리짓하기🍒,13.0,,
120,comfort._y,2024-10-07T13:40:48.000Z,https://www.threads.net/@comfort._y/post/DA0y_t0TFY0,괜찮다는 말이 너무 간절한 밤이야.,13.0,,
121,comfort._y,2024-10-06T23:26:53.000Z,https://www.threads.net/@comfort._y/post/DAzRRU1zEOX,준님 체리 무슨 일이 있어도 시험 잘 볼게요🥺,10.0,,
122,comfort._y,2024-10-06T15:06:42.000Z,https://www.threads.net/@comfort._y/post/DAyYB9_TCi3,덴트님이 꼭 무언가를 다셔야만 저희가 좋아하는게 아닙니다. 솔직히 체리분들이 해달라고 하니까 웨브 문쪽으로 뒤돌아보고 탄식하시는 덴트님도 귀여우셨다구요.ㅜ,11.0,,
123,cherry_serang_s2,2024-06-27T04:46:46.000Z,https://www.threads.net/@cherry_serang_s2/post/C8tMzFRS-US,여러분! 체리 여러분! 저 오늘 정치와 법 시험봤는데 100점 받았어요! 제가 1등이에요! 그간 너무 힘들었는데 보상받는 느낌이라 너무 행복하네요 진짜 오늘 너무 행복해요 ㅎㅎ,31.0,6.0,
124,cherry_serang_s2,2024-06-25T10:20:35.000Z,https://www.threads.net/@cherry_serang_s2/post/C8opaLbSiIK,"체리님들 혹시 바쁘지 않으시면 괜찮다고 잘 될 거라고 한마디만 해주실 수 있으실까요..? 오늘은 누군가의 온기가 미치도록 그립네요 그게 설령 전파로 연결된 것이라도요.. 아주 조금이라도 좋으니 여러분의 따스한 온기를 저한테도 조금만, 진짜 먼지만큼이라도 좋으니까 나눠주실 수 있나요..?",20.0,11.0,
125,cherry_serang_s2,2024-05-25T04:27:17.000Z,https://www.threads.net/@cherry_serang_s2/post/C7YMVaIyyWz,드디어 왔네요 완전 앞자리는 아니지만 그래도 앞자리에 중간이긴 하니 만족합니다 얼른 6월 이 오면 좋겠네요 받자마자 향기가 엄청나서 택배가 아니라 환상을 꽃을 만난 느낌이었어요,4.0,,
126,cherry_serang_s2,2024-05-25T03:15:37.000Z,https://www.threads.net/@cherry_serang_s2/post/C7YEInESWn_,드디어! 조금있으면 올텐데 어떤 기적이 기다리고 있을지 정말 너무 기대돼요 빨리 오면 좋겠다 히히,4.0,,
127,cherry_serang_s2,2024-05-11T04:02:12.000Z,https://www.threads.net/@cherry_serang_s2/post/C60GVfLS5-I,주문 성공! 중간에 렉걸려서 몇번째인지는 모르겠지만 제발 빠른 번호이기를!!,7.0,,
128,cherry_serang_s2,2024-05-11T03:59:11.000Z,https://www.threads.net/@cherry_serang_s2/post/C60F_Z2SHpE,1분 남았다!! 다들 성공해서 봐요!!,8.0,,
129,cherry_serang_s2,2024-05-06T06:57:37.000Z,https://www.threads.net/@cherry_serang_s2/post/C6nib8uS97x,주문 시 선착순이라는 게 주문한 순서대로 일까요 주문하고 현장선착순인 걸까요 아니면 아예 다른 뜻일까요 똑똑한 체리님 현준님 도와주세요!,16.0,4.0,
130,cherry_serang_s2,2024-04-24T05:45:32.000Z,https://www.threads.net/@cherry_serang_s2/post/C6IgpfbyGh2,첫 스레드체리 여러분 궁금한 게 하나 있는데 혹시 팬미팅 티켓팅 언제 열리는지 그리고 가격은 얼마인지 아시는 분 있으신가요? 진짜 가고 싶은데 매진되는 건 아니겠죠 ㅠ,22.0,4.0,
131,basasak_human_,2024-10-21T13:29:49.000Z,https://www.threads.net/@basasak_human_/post/DBY03ciSGvf,"개쌉그지다. 월세도내고 공과금도 내야하는데
아파서 병원도못가고 라면도 가장싼거 봉으로 샀는데 이제 두개남음. 한국인은 김치라는데 김치없는것도 삼개월넘음 .쿠팡나갔다가 이삼일 앓고 언니한테 돈빌리는것도 한계가있지. 오죽하면 주위에서 김치라도 준다고 할까. 밥같이먹자는것도 불쌍해서 밥 사주려는거 그러는거 사실 앎.염치가있지.. 애비라는사람은 억짜리외제차에 부동산 두채 오토바이며 트럭이며 냉장고도3대씩 가지고있던데 본인도 돈없다고 답장도없고
몇십억버는 사장이라고 떵떵거릴땐 언제고 십몇년동안 집나가서 딴년이랑 살 돈은있고 지자식
병원보낼돈은 없다는게 최악이다.",1.0,,
132,basasak_human_,2024-10-21T01:34:35.000Z,https://www.threads.net/@basasak_human_/post/DBXjA9wS1lF,죽으려고는 안하겠지 술먹고 약먹는다고 죽지않는것도 알고 어설프게 목맨다고 죽지않는것도 아니까 끝도없이 괴로워하고 자해를하겠지.다시예전처럼 돌아가고있다.집은 이미쓰레기장이 되었고 머리도 사일넘안감았다 . 양치랑 세수도 어제가 마지막ㅇ고 내일 알바를 가기위해 아무일없던척을 할 수록 집과 내내면은 지하를파고있다,9.0,,
133,basasak_human_,2024-10-21T01:26:58.000Z,https://www.threads.net/@basasak_human_/post/DBXiJJby2ph,존나 밥먹다가도 울다니,4.0,1.0,
134,basasak_human_,2024-09-12T06:18:56.000Z,https://www.threads.net/@basasak_human_/post/C_zojamSrQe,"삼남매 중 둘째
난 올해 스무살이 되었다.어릴적 부모와 같이 살때를 생각하면 하루도 불안하지 않은 날이 없었다. 십년 십오년이 지났지만 아직도 기억이 잊혀지지 않는다.
5~6살때쯤 엄마아빠가 싸우기시작했다.아빠가 엄마를 내팽겨쳐 머리를 바닥에 박고 의식을 잃기도하고 근처에 삼촌이 살았기에 삼촌한테 전화하려하자 아빠는 언니 엄마 핸드폰을 옷장뒤로 던지고 문앞을 가로막기도 했다. 그다음날은 동생 돌잔치였다 . 멀쩡하게 사람좋은척하는 아빠를 지금 생각하면 소름이 끼친다",1.0,7.0,
135,basasak_human_,2024-09-12T06:31:19.000Z,https://www.threads.net/@basasak_human_/post/C_zp-LqyjyY,"나는 엄마의 자살시도를 두번이나 목격하였다.
한번은 방에들어가 문을 걸어 잠구고 목매 죽는다했다.내가 할 수 있는건 없었다.아빤 뽀로로를 틀어주며 보고있으랬다.정신차리고 보니 외할머니에 삼촌 아빠지인들이 왔다. 난 덜덜 떨면서 제발 아침이와서 아무일없어지길 바랬다또한번은 자고있는데 엄마가 울면서 날 깨웠다
정신과약을 당시먹고있었는데 술이랑 같이먹었고 사랑한다 미안하다등 내 얼굴을 쓰담더니 자는듯 누웠다.너무나 무서웠다.초등학교 저학년인 나에겐 할 수 있는거라고는 안방문을 잠구고 혼자자는 아빠를 깨우는 수밖에 없어 미친듯이 문을 두드렸다.악을 쓰면서 나오라고 엄마 죽으면 안된다고, 엄만 아빠가 병원을 데려갔다. 엄마랑 통화가 되기 전까지 처음으로 손이 차가워지고 진동기마냥 덜덜덜덜 멈추지않았다.엄만 늘 일찍 죽을거라했다.
그때 생긴 나의 습관은 숨쉬는것을 확인하는 것이다.혹시라도 엄마가 죽을까봐",1.0,1.0,
136,basasak_human_,2024-08-11T00:22:26.000Z,https://www.threads.net/@basasak_human_/post/C-gmUYxyt4S,가정폭력과 아동학대에서 살아남기,1.0,2.0,
137,basasak_human_,2024-08-11T00:23:54.000Z,https://www.threads.net/@basasak_human_/post/C-gmfDlyGb3,"지금은 부모와 분리되어 살고있음
가끔씩 우울과 죄책감 불안들이 찾아올때 
일기장처럼 쓰면 마음이 편해질까?",1.0,1.0,
138,basasak_human_,2024-07-29T07:05:12.000Z,https://www.threads.net/@basasak_human_/post/C9_2E9bSWbB,adhd 기면증 우울증 최악의 조합에 대하여,2.0,3.0,
139,basasak_human_,2024-07-31T08:20:50.000Z,https://www.threads.net/@basasak_human_/post/C-FIUofyNJA,"adhd
헨젤과 그레텔임 .일마무리가 안됨.꼭하나씩 흘리거나 안치움.사실 지금도 그러고있음",1.0,,
140,basasak_human_,2024-06-19T08:14:33.000Z,https://www.threads.net/@basasak_human_/post/C8Y-N47Rnvq,첫 스레드내정뚝떨모먼트분노표현할거임,1.0,1.0,
141,_puum_kinn_,2024-11-18T18:34:11.000Z,https://www.threads.net/@_puum_kinn_/post/DChd9LXzYv7,"이거 아나??
꿈에서 빌런들에게 쫒길 때 내 앞만 장애물이 잔뜩 있는거. 나는 산에서 산으로 뛰어도 가보고 왠 자전거를 타고 하늘에서 우주로 나가가도 하고 지구를 바라보기도하고 거기서 집까지 떨어저. 덕분에 고소공포증 생겼자나.. 공포영화 좀 그만 찍자.잠좀 자자아아아아",13.0,3.0,
142,_puum_kinn_,2024-11-18T00:50:00.000Z,https://www.threads.net/@_puum_kinn_/post/DCfkK3fypS_,인간아 미쳤나 난 못나간다,6.0,1.0,
143,_puum_kinn_,2024-11-17T21:38:27.000Z,https://www.threads.net/@_puum_kinn_/post/DCfOP6PzZUx,"다시 쪽잠 자는 중 🐶같은 꿈을 꿔 욕하며 눈을 떴다.
나는 전 직장에서 다시 일하고 있었고, 사장이 그 큰 눈으로 쏘아보며 그 매너없는 입으로 나를 후두려 팼다. ‘늙었으니 이제 눈치껏 알아서 그만둬라’ 라는 말을 빙빙 돌려가며 아니, 직원들 돌러까기를 내 면전에 돌려까며 ‘너도 똑같다’를 시전하던 그때로",6.0,,
144,_puum_kinn_,2024-11-17T18:56:14.000Z,https://www.threads.net/@_puum_kinn_/post/DCe7r27zynn,"03:56 am
머리를 쥐어뜯겨 일어났읍니다.
분명 순둥이 중 Top of Top 이었는데…….",8.0,1.0,
145,_puum_kinn_,2024-11-17T19:20:01.000Z,https://www.threads.net/@_puum_kinn_/post/DCe-Z-FzZkE,왜 일찍 눈을 뜨면 위경련이 오냐 왜👊🏻,1.0,,
146,_puum_kinn_,2024-11-17T03:07:50.000Z,https://www.threads.net/@_puum_kinn_/post/DCdPJjgPVTG,"말대꾸 하는 클라스가 싸가지선을 넘을락 말락 아슬아슬한데 이걸 어떻게 인간을 만들지? 내가 만만하다고 더 심하게 구는데, 효자손이 약인가…. 패널티를 줘야하나… 어렵고 어렵다 ㅠㅠ",6.0,3.0,
147,_puum_kinn_,2024-11-16T16:50:23.000Z,https://www.threads.net/@_puum_kinn_/post/DCcIfKYy1Qg,"무엇이든 시작해보리다.
그게 설령 작사 학습지라 할지라도..
꼭 트렌드에 맞춰 성덕이 되리라!
(근데 켄지언니를 어떻게 이겨……쭈굴)",4.0,2.0,
148,_puum_kinn_,2024-11-16T03:35:26.000Z,https://www.threads.net/@_puum_kinn_/post/DCatg2lP6Di,"나 기억력이 전보다 너무 심각해져서 치매 보험도 알아봤다? 병을 너무 오래 앓아서 + 먹는 약들 부작용이 합쳐지니까 점점 더 심해지나봐. 음 현관문 활짝 열고 마트를 갔다오거나, 지갑 놓고 병원가고, 매일밤 핸드폰 위치를 몰라서 시리를 계속 불러. 타인이랑 얘기했던것, 약속, 부재중 뜬거 다시 연락하는것도 까먹고 했던 얘기 또 다시 말하고(맨정신에). 그래서 더이상 구직을 하고있지 않아. 오히려 더 민폐를 끼칠 것 같아서. 이정도면 치매보험 알아볼만 하지? ㅠㅠ",13.0,20.0,
149,_puum_kinn_,2024-11-15T21:30:21.000Z,https://www.threads.net/@_puum_kinn_/post/DCaDu0ZTyg2,"불면증 환자라 한시간마다 깸. 
6시 출근인 남편이 일어나지말고 더 자라고 함.그라믄 저 짹짹이도 같이 재워주쇼…..
다섯시부터 온갖 질문을 내 귀에 쏟아내는데,
아무래도 내 불면증 원인 중 하나인 것 같다.새벽형인간과 점심형인간이 같이 살면 강제 아침형인간이 된다살려주세요…..",11.0,6.0,
150,_puum_kinn_,2024-11-15T15:37:19.000Z,https://www.threads.net/@_puum_kinn_/post/DCZbVIDyxWS,12시 반에 심심한 사람은 나밖에 없냐구요….,6.0,,
151,_puum_kinn_,2024-11-15T05:27:50.000Z,https://www.threads.net/@_puum_kinn_/post/DCYVlKFBUmC,"오후에 펑 하기로 해서 펑했음.
아 진짜 내 스레드에 내가 글쓴거로 스트레스 받을 줄이야.",9.0,4.0,
152,_puum_kinn_,2024-11-14T08:32:18.000Z,https://www.threads.net/@_puum_kinn_/post/DCWF5bbvqFP,"호박입니다.
지인에게 들킬 위험이 생겨 프로필 사진 바꿔유..",16.0,14.0,
153,_puum_kinn_,2024-11-14T03:45:07.000Z,https://www.threads.net/@_puum_kinn_/post/DCVlB-Ev8bS,"요즘 밤에 못잔 잠을 채우려고 오전에 한시간 정도
자는데 (그 이상은 더 못잠) 자꾸 악몽만 꾼다.
차라리 괴물이 나오고 내가 무서워하는 것들이 나오면 그럼 살겠다고 열심히 달리고 도망가면 그만이지만.. 
내 악몽은 처절하다.내가 좋아하는(몇안되는)사람들이 날 찍어 내리는 말.
날 바라보는 혐오 가득한 눈빛. 투명인간 취급하는 무시와 쉴틈없이 내 목을 조르는 한숨, 비난, 비웃음들… 
거기다 자존심인 내 경험과 실력은 뭉게지고 만다.
나는 그저 서 있었고, 수만은 몽둥이에 쳐맞은 것 처럼 항상 피를 토하고 끝난다.",13.0,21.0,
154,boxtrap_km78,2024-11-18T23:27:00.000Z,https://www.threads.net/@boxtrap_km78/post/DCh_d6cBqoC,"ㅈㅇㅇㅊ
밥으로 또띠아 피자 해묵기",1.0,,
155,boxtrap_km78,2024-11-18T23:18:46.000Z,https://www.threads.net/@boxtrap_km78/post/DCh-hgKhxAL,세월 참 빠르구마,1.0,,
156,boxtrap_km78,2024-11-18T09:51:57.000Z,https://www.threads.net/@boxtrap_km78/post/DCgiMSYByE6,ㅈㅇㅇㅊ,,,
157,boxtrap_km78,2024-11-16T22:19:06.000Z,https://www.threads.net/@boxtrap_km78/post/DCcuG2vTxJV,"생강차에 계피 넣으면 맛있다길래 해봤는데
색이 어쩜 이렇게 이쁘니",2.0,,
158,boxtrap_km78,2024-11-16T09:32:36.000Z,https://www.threads.net/@boxtrap_km78/post/DCbWYxUh0oh,왤캐 요염해,3.0,1.0,
159,boxtrap_km78,2024-11-16T00:43:05.000Z,https://www.threads.net/@boxtrap_km78/post/DCaZycaBeXG,"다리 저려 이놈들아
비켜 ㅡㅡ",1.0,,
160,boxtrap_km78,2024-11-16T00:10:50.000Z,https://www.threads.net/@boxtrap_km78/post/DCaWGPhhCAE,야호,2.0,,
161,boxtrap_km78,2024-11-15T12:56:57.000Z,https://www.threads.net/@boxtrap_km78/post/DCZI-nKBYCr,밥,3.0,,
162,myeonggu934,2024-11-17T01:17:08.000Z,https://www.threads.net/@myeonggu934/post/DCdCeyKyiQ9,"지금 병원인데 내가 동안 혼수상태얐다가 일어닜데 근데 아무것도 기억이 안나 내가 언제 다쳤는지 뭐때문에 다쳤는지 기억이 전혀안나는데 병원에서 교통사고 당해서 왔다고 하더라 그래서 그냥 그렇구나 하는중
동생은 내가 죽는줄 알았다고 병원에서 마음의 준비를 해야한다고 했대 
뭐 경골 비골 골절 뭐뭐 골절 그러는데 솔직히
들어도 뭔소리인지 모르겠어 내가 그거 알아서 뭐하겠어 내가 안다고 내가 고치는것도 아닌데
글이 두서가 없어도 이해해줘 직.ㅁ 한쩍 눈도 잘안보이고 손가락에 힘도 잘안들어가서 여기까지 쓰는데도 몇십분 걸린듯
조금 나아지고 폰도 다시 그해서 들아와봤어
이상하게 머리도 잘안굴러가서 아이디 비번 찾는데 시간 꽤오래걸렸어 짜증나 죽는줄..
나는 병원온지 됐다는 소린줄알라ㅛㄴ
ㄴ데 만에 깨러난거고 입원한지 벌써 3주되가고이ㅛ다고 해서 놀람... 전치 12주 이상나왔가는데 우리 애들은 잘지내고 있을까...",213.0,37.0,
163,myeonggu934,2024-11-17T01:22:23.000Z,https://www.threads.net/@myeonggu934/post/DCdDFOrS0es,"우리집 비번 아무도 몰라서 동생이 119에 연락헤서 강제개방 하고 들어갔다는데
집인이 개핀이였데 애들 화장실은 말할것도 없고 거실이랑 침대에 똥오줌 싸놓고 애들이 다 등이랑 갈비뼈에 뼈가 만져질정도로 앙상해있았데
몇일은 매일 드나들면서 밥주고 물주고 화장실 차워주고 하다가 지금은 ㄱ.냥 일단 다 애들 데리고 동생집으로 데려가서 케어하고있대
우리애들이 나 알아볼까.. 문득 생각이든게
나는 죽으면 그만이지만 내가 죽으면 우리애들은 어쩌지 이렇게 집안에서 꼼짝없이 갇햐서 굶어죽는건 아닌가",49.0,7.0,
164,myeonggu934,2024-11-04T13:46:17.000Z,https://www.threads.net/@myeonggu934/post/DB854VVSAX7,"누가 쳐다보는 느낌이 들어서 고개를 돌려봤더니 
천장에 냥티비가..",69.0,18.0,
165,myeonggu934,2024-11-04T13:16:15.000Z,https://www.threads.net/@myeonggu934/post/DB82cUeykuL,이 쭉 뻗은 앞발 왤케 귀엽지 🙈,29.0,14.0,
166,myeonggu934,2024-11-04T09:22:37.000Z,https://www.threads.net/@myeonggu934/post/DB8btK5TW64,"이번에 러시아에 파병된 북한군이 만약 전투병이면
중국 드디어 대만 침공함? 
러우전쟁 파병으로 현대전 실전 경험을 가진 북한군이 남한 전면 국지도발(중국이 꼬드김)->
한미상호방위조약에 의거 주한미군& 
오키나와 요코스카 주둔 미군 한반도 방어->
미군 눈 돌려놓고 나이스! 중국 대만 침공->
괌 기지에서 항모 출발 도착까지 10간 이상 소요->
미국 일본 방위조약에 의거 일본해군자위대에 대만해협 집결 요청->
미국 고민 시작. 한반도 방어 포기하고 대만을 지키러 갈것이냐
대만을 포기하고 한반도 방어를 할것이냐난 개인적으로 대한민국을 포기한다고봄.
만약 대한민국이 넘어가도 미국은 일본이라는 1차방어선이 있고 2차 방어선으로 대만 필리핀이 있어서 태평양으로 진출을 못함. 그런데 대만을 먹으면 필리핀해를 넘어갈수 있고 필리핀해 들어가면 바로 태평양 다이렉트
중국의 꿈인 태평양 진출을 그렇게 철저히 막는 미국인데 중국 항모전단이 미본토 앞까지 와서 어슬렁거리면 개거품 물듯",8.0,8.0,
167,myeonggu934,2024-11-02T14:09:03.000Z,https://www.threads.net/@myeonggu934/post/DB3y5S9SLl4,"아빠 왔다
아빠 기다렸어?
희망사항.",24.0,18.0,
168,myeonggu934,2024-11-02T10:44:04.000Z,https://www.threads.net/@myeonggu934/post/DB3bb-LS7Np,"고모 생신에 유일하게 초대된 이家
한家들 사이에서 고군분투중..",24.0,39.0,
169,myeonggu934,2024-11-02T04:19:46.000Z,https://www.threads.net/@myeonggu934/post/DB2vZgKOehL,고인물 vs 고인물,8.0,6.0,
170,myeonggu934,2024-11-01T15:29:10.000Z,https://www.threads.net/@myeonggu934/post/DB1XLPeORHr,"끝까지 질척대는 이랑진군..
오공 진엔딩",10.0,4.0,
171,euny_y93,2024-05-09T07:21:32.000Z,https://www.threads.net/@euny_y93/post/C6vTjvwrGih,🌸설레이고 싶나 봄🌸나 키크지? ~~~2.4천,,161.0,20.0
172,euny_y93,2024-11-18T16:41:43.000Z,https://www.threads.net/@euny_y93/post/DChRFbPSzXw,"나 혼자
대충 꺼내서 소주 한잔 하고있는데
약간 취했거든
티비보면서 먹고 있는데
갑자기
“어 언니 저기봐봐 쟤 언니술 이상하개 따뤄!!!”
이러길래
어디 뉴규! 이러고 고개 들었는데
집에서 나혼자 먹고있었음..
요즘 자주 이러는데 이거 뭐야..?",103.0,50.0,2.0
173,euny_y93,2024-11-18T16:01:03.000Z,https://www.threads.net/@euny_y93/post/DChMbqMS_Rd,"온냐오빠들
나 술 조금에 수면제 먹었는데
약기운 확 오르더니
잠은 안들고 마취깨기 전에 막 말하는거?
지금 그수준이야
아무도 없는디 나 누구랑 대화하네 ㅋㅋㅋㅋ
말 걸어바~",108.0,21.0,2.0
174,euny_y93,2024-11-18T15:44:13.000Z,https://www.threads.net/@euny_y93/post/DChKgXGy7UM,"술 좀 취해서 알딸딸 하다
어지럽네
질문받는다 댓 남겨봐앙
눈나 기분 좋지 않으니까
답변은 알아서 걸러들거주ㅓ ❤️",77.0,12.0,1.0
175,euny_y93,2024-11-18T13:26:17.000Z,https://www.threads.net/@euny_y93/post/DCg6uF5SVXN,"가끔
나 진짜 개호구인가.. 란 생각 드는데
진짜로 개호구인거 같긴해
너희는 내가 얼마나
우습고 쉽고 재밌었을까
입 조금만 털면 되는데 ㅋㅋㅋㅋ..
오늘은
조금 위험한 밤",160.0,57.0,1.0
176,euny_y93,2024-11-18T06:11:57.000Z,https://www.threads.net/@euny_y93/post/DCgJA-PJj6d,"술 줄이긴 해야하는데...ㅋㅋ
이 좋은걸 어떻게 끊어ㅜㅜ",71.0,18.0,2.0
177,euny_y93,2024-11-15T07:52:12.000Z,https://www.threads.net/@euny_y93/post/DCYmGjap688,"원래 썸 단계거나
연애 초반 일때는
다 엄청 잘해주고 좋아하는 감정이 주체가 안되고
엄청엄청 이뻐해주고 하는데
이거도 시간 지나면 시들해지는거 맞지?ㅋㅋ
내가 사랑을 받아 봤어야 알지 ㅋㅋㅋㅋ구분을 못해..ㅠ
다 금방 식고 방치하고 한눈팔고 귀찮아할거 같은데
보통 다들 그러던데..",289.0,71.0,2.0
178,euny_y93,2024-11-12T15:10:12.000Z,https://www.threads.net/@euny_y93/post/DCRp17zShhO,"오랜만에 본 준호가
자꾸 자기집 가자고 꼬심..
진짜 조금의 고민도 없이 따라갈게요
같이가ㅠㅠ데려가...ㅋㅋㅋ😂",82.0,6.0,1.0
179,woodngngngn,2024-11-01T01:16:55.000Z,https://www.threads.net/@woodngngngn/post/DBz1vOBT8eQ,"외출 나왔당 
열심히 치료받고 호전되서 퇴원할게요 :)",11.0,9.0,
180,woodngngngn,2024-10-18T11:17:54.000Z,https://www.threads.net/@woodngngngn/post/DBQ3YnTTska,내가 나를 통제 못하겟다,8.0,2.0,
181,woodngngngn,2024-10-18T11:17:36.000Z,https://www.threads.net/@woodngngngn/post/DBQ3WdEz0mD,정말 의지만 있다면 모든게 해결될텐데,8.0,1.0,
182,woodngngngn,2024-10-18T10:25:46.000Z,https://www.threads.net/@woodngngngn/post/DBQxa0ezm5I,"그냥 갈데까지 가볼게
1월까지 버틸힌도없고
그냥… 의지가 안생기면 어쩌겟어
의지 생기게 만들어야지",11.0,4.0,
183,woodngngngn,2024-10-18T09:55:32.000Z,https://www.threads.net/@woodngngngn/post/DBQt9a0zb8d,긋는걸로는 충족이안되네,4.0,,
184,woodngngngn,2024-10-18T05:22:12.000Z,https://www.threads.net/@woodngngngn/post/DBQOrZOzxLs,"입원 안하려면 이방법 밖에 없어 
엄마아빠앞에서 괜찮은척 하는거 
괜찮은척 앞으로 잘할수잇다는 척 
자해 안할거라는 척
안 죽을거라는척
하지만 내 디대이는 내생일이야 
아무도 모르게
쥐도새도모르게
의사선생님께도 말 안하고 
엄마아빠한테도 말 안하고 죽을거니까",28.0,9.0,
185,woodngngngn,2024-10-18T02:55:05.000Z,https://www.threads.net/@woodngngngn/post/DBP917ETPlY,제발 진짜 죽게냅둬 입원도 안할거고 그냥 죽을게 제발,2.0,,
186,woodngngngn,2024-10-18T02:49:03.000Z,https://www.threads.net/@woodngngngn/post/DBP9JwazTO4,죽게냅둬 ㅅㅂ,2.0,1.0,
187,woodngngngn,2024-10-18T01:58:38.000Z,https://www.threads.net/@woodngngngn/post/DBP3YfPT9IB,병동을 들어가고싶다했지 정신병원에 들어가고싶은건 아닌거같아오 썅,5.0,2.0,
188,woodngngngn,2024-10-18T01:59:01.000Z,https://www.threads.net/@woodngngngn/post/DBP3bPTTjwt,존나두렵다 후,2.0,1.0,
189,woodngngngn,2024-10-17T22:22:20.000Z,https://www.threads.net/@woodngngngn/post/DBPeoNDTI0_,응급실 6번 가는 돈이나 입원 한달이나 그게 그거임,3.0,1.0,
190,woodngngngn,2024-10-17T22:21:03.000Z,https://www.threads.net/@woodngngngn/post/DBPeex5TIbf,"응급실 53만원…
입원비 200만원…
내가 갚아야할 돈 253만원… 
돈 무서워서 입원 하겄냐 ㅠ
차라리 그돈으로 하고싶은거 하다가 죽는게 빠를수도",10.0,8.0,
191,woodngngngn,2024-10-17T12:33:15.000Z,https://www.threads.net/@woodngngngn/post/DBObNoNz48r,"오랜만에 풀배터리 검사하고 싶다
약 하도 먹어서 
지능 떨어졌을거라는데…. 
얼마나 떨어졌을지 궁금…",3.0,,
192,woodngngngn,2024-10-17T10:18:23.000Z,https://www.threads.net/@woodngngngn/post/DBOLx5Az4LO,씻고 싶은데 일어나기만 하면 머리 띵하고 털썩 주저앉아서 못 씻는중…^.^,4.0,5.0,
193,woodngngngn,2024-10-17T10:04:17.000Z,https://www.threads.net/@woodngngngn/post/DBOKKidznqg,교수님들께… 면목이없음,2.0,,
194,woodngngngn,2024-10-17T09:35:43.000Z,https://www.threads.net/@woodngngngn/post/DBOG5UVTFFB,"아뉘 근데 나 어제 일 일부를 기억못하고 ㅋㅋㅋㅋㅋ
조금씩 기억이 삭제되는 부분이 있는듯 
왜그래
정신차려봐 이봐",1.0,,
195,woodngngngn,2024-10-17T09:17:11.000Z,https://www.threads.net/@woodngngngn/post/DBOExnWzZz2,약을 많이 먹긴 했나보다 어제 저녁에 먹었는데 아직도 헤롱헤롱 몸을 못 가눠,6.0,1.0,
196,silent_bin_519,2024-11-04T14:33:13.000Z,https://www.threads.net/@silent_bin_519/post/DB8_QAZhkFx,"음...요즘 근황을 이야기 하자면..요즘은 아침, 점심, 저녁, 자기 전 약을 먹던 걸
아침, 자기 전에만 먹고 있어요
소비충동이 오르고, 기분이 고양된 상태가 지나고 나서
소비패턴을 절제할 줄 알고 약을 조절해가며 줄이고 있는데 
약 조절이 힘들다고 하는 제게 주치의 선생님께선 
너무 조급해 말라고 하시네요기대하고 있는, 새로 방영 예정인 드라마와 
새벽에 mp3를 들으며 읽는 책은 절 너무 행복하게 하네요아 참, 그리고 어젠 할머니 할아버지 댁에 들러 
함께 음악을 했어요
제가 있는 아파트에선 할 수 없던 주택가에서의 악기와 음악이 절 정말 행복하게 해줘서 이 힘으로 
한동안 잘 버틸 수 있을 것 같아요!!제가 이렇게나 행복해도 될지 모르겠지만 어쨌거나
요즘의 저는 행복합니다 :)",4.0,,
197,silent_bin_519,2024-10-21T12:08:17.000Z,https://www.threads.net/@silent_bin_519/post/DBYriMrhIGw,"요즘들어 사람들의 본성에 대해 자꾸만 부정적으로 생각하고 떠올리게 되면서 인간이 혐오스러워졌다.
물론 나라는 존재도 포함해서였다.",2.0,,
198,silent_bin_519,2024-10-21T10:42:02.000Z,https://www.threads.net/@silent_bin_519/post/DBYhqpHBZzU,"조울증...처음 우울증으로 진단받고 나서 조증이 오고, 얼마 후 조울증으로 다시 진단받았어.
처음엔 내 기분이 마냥 좋아서, 갑자기 자신감이 생기고 뭐든 할 수 있을 것 같아서 여기저기 내 계획을 떠벌리고 다녔는데 그땐 조증삽화가 끝나고 후회가득한 시간들을 보내고 난 후 였어.
그리고 나서 진료를 받았을 때, 그게 마냥 내 자신감, 기분이 좋은 걸 넘어선 조증이었단걸 알게 됐지.
진단 후 2~3년이 지난 요즘까지 두 세번의 큰 조증이 오고나서 이젠, 조증이 오기 전 기분이 상승곡선을 그릴 때에 그 느낌을 알아채곤 해.
근데 이게 나아지는 과정인지, 아님 아예 기분의 상하 그래프 폭이 좁아지는게 나아지는 과정인건지, 아님 둘 다 그렇거나, 둘 다 아닌지..궁금하다...진료 때 여쭤봐야지...ㅠ 
조울증",13.0,4.0,
199,silent_bin_519,2024-10-15T16:08:18.000Z,https://www.threads.net/@silent_bin_519/post/DBJqPBDhBpK,"2023.12.19(화)
다섯 번째 병동일기
재입원 째-행치조차 시간을 다 정하고 하는 나는 완벽주의자 J-
오늘은 잘 잤는데 피곤한 날...행동치료도 얼른 끝내고 ㅅㅇ이 보내주고 면담했는데 내일 오랜만에 산책나간다~
아, 그리고 소화제라고 하셨던 포리부틴을 설사 때문에 뺐다(오늘 저녁부터 뺌)
그리고 남동생에게 편지 보낼 수 있는지 여쭤봤는데 좋다고, 근데 병동 내에 없고 의무기록실에 있을 수 있담서 알아봐주신댔다.
내일은 오전8시~9시 50분까지 행치(병동내에선 행동치료를 행치라고 부르곤 했음)를 다 끝내야 하는데 (8시-8시10분 사이클, 8시30분-9시 걷기, 9시 10분-9시 30분 게임하기<러시아워보드게임>)
이렇게 오전에 진행하고 오후에 씻기 해야겠다.
폐쇄병동일기-> 다음내용은 댓글로",4.0,2.0,
200,silent_bin_519,2024-10-15T16:08:50.000Z,https://www.threads.net/@silent_bin_519/post/DBJqS2CBvRJ,"그리고 오늘 면담을 하며 숙제가 늘어났다.
원래 마인드맵만 있었는데 내가 자존감수업의 질문란에 답하는 것으로 그것을 대체하면 안 되겠느냐고 했다가 둘 다 하면 되겠다며 주치의 선생님께서 싱긋 웃으셨다...^^
내가 내 무덤 판 격...조금 빡쳤음ㅎㅎ
아 오늘도 ㄷㅎ이의 습관과 다른사람들의 어떠한 습관은 배우고, 어떤점은 배우지 말아야지라고 생각했다고 말씀드리니 굉장히 잘 하고 있다고 좋은 점이라고 하셨다. 오늘 하루도 화이팅!!
+오늘 신환 두 분이 들어오셨는데 간호사 쎔들과 주치의 쌤들 모두가 너무나 바빠 보여서 가벼운 대화를 나눌 시간도 없었다. 두 분다 50세가 넘으신 남성분 같았다. (첫 날은 격리 때문에 집치실에서 하루를 보내기에 잘 보진 못했다.)",,1.0,
201,jyouthlee,2024-09-20T08:27:51.000Z,https://www.threads.net/@jyouthlee/post/DAIdqp5S-zW,"내가 만드는 자기소개❤️이름: 이자영
나이: 95년생, 서른
키: 158.8
거주지: 서울
전공: 1전공 영어+이중전공 중국언어문화
직업: 프리랜서(학원 및 과외 강사, 외국계 회사 계약직, 출간 작가, 번역가, 유튜버, 블로거)
가족: 엄마, 아빠, 언니, 포키(강아지)
관심사: 우울증 극복, 정신의학, 심리학, 문학
취미: 여행, 특히 장기 해외여행 선호
특기: 4개국어 가능
TMI: 상담 대학원 진학을 생각 중궁금한 점이 있으면 댓글 남겨주세요:)",631.0,155.0,18.0
202,jyouthlee,2024-11-17T06:00:07.000Z,https://www.threads.net/@jyouthlee/post/DCdi3ZnSQ_H,2024년도는 이렇게 마무리!내년에 도리안 그레이랑 데스노트는 꼭 와주면 좋겠다!,23.0,2.0,
203,jyouthlee,2024-11-17T06:06:07.000Z,https://www.threads.net/@jyouthlee/post/DCdjjVISpYI,어제 시라노 추천해준 스친 고마워! 넘버 몇 개 들어보고 내 취향이라 1월  공연 예매했어😊,2.0,,
204,jyouthlee,2024-11-16T02:31:16.000Z,https://www.threads.net/@jyouthlee/post/DCamK05yrK-,"'즉 저에게는 '인간이 목숨을 부지한다'라는 의미가 그때껏 전혀 이해되지 않았다는 얘기가 될 것 같습니다. 제가 가진 행복이라는 개념과 이 세상 사람들의 행복이라는 개념이 전혀 다를지도 모른다는 불안.'

이 구절을 한참이나 되뇌었다. 내가 생각하는 행복은 '내가 주인인 삶'이다. 하지만 그렇게 살아본 적이 없어서 그 방법을 모른다. 남들이 생각하는 행복을, 사회가 생각하는 행복을 위한 삶은 살아봤다. 10대 때는 공부, 20대 때는 대학 생활과 유학, 세계 여행, 연애, 취업 등. 각 단계에 맞게 모든 걸 성공적으로 완수했다. 그리고 그 후에 찾아온 건 공허함과 자살 충동이었다. 나에게 있어서 내가 살아온 모든 궤적은 쓸모 없는 것이 되었다. 숨이 막혀서 도저히 세상에 존재할 수 없었다.",24.0,5.0,
205,jyouthlee,2024-11-16T02:32:06.000Z,https://www.threads.net/@jyouthlee/post/DCamQ-JyQV8,"정년 보장이 되는 직장을 그만두고 나온 건, 내가 내 삶을 살기 위한 첫걸음이었다. 그 후 여러 시도를 하기도 했고, 책을 출간했고, 독립을 했다. 3년동안 파도같이 살았다. 어떨 때는 세상이 주는 환희에 가득 차 있었고, 때로는 극심한 자살 충동을 버티기도 했다. 오랜 시간이 필요하다, 치료는 장기전이다.. 라는 이야기를 치료자들에게 듣기는 했지만, 3년이 그렇게 짧은 시간은 아니기에, 나는 나아지지 않는 스스로를 보고 있기가 힘들었다.",12.0,1.0,
206,jyouthlee,2024-11-15T07:37:38.000Z,https://www.threads.net/@jyouthlee/post/DCYkb6oSfBz,"1115 상담“그게 그냥 포기하겠다는 말씀이잖아요”
“어떨 때는 포기하고 싶은 마음도 들어요. 오늘 그런 마음이 들었어요. 하지만 나는 ㅇㅇ씨를 포기하고 싶지 않아요. 근데 한쪽은 내가 도움이 안 되는 것 같고, 내가 어떻게 해야 될지 모르겠고, 그러면서 되게 미안하기도 하고, 나 자신에게 실망스럽고 무력감을 느끼고, 그래서 포기하고 싶은 마음도 들어요”
“..”
“ㅇㅇ씨, 내가 필요해요? 내가 도움이 돼요?”
“..네”
“그럼 포기 안 할게요. 앞으로 3년, 5년이 돼도 포기 안 할게요. 내가 죽기 전에는, 상담 일을 그만두거나 ㅇㅇ씨가 먼저 그만두거나, ㅇㅇ씨 인생을 살면, 그 전까지는 포기 안 할게요“",38.0,2.0,
207,muxxux,2024-11-18T12:13:12.000Z,https://www.threads.net/@muxxux/post/DCgyWy8vY9M,혼술하면 좋은점,32.0,3.0,1.0
208,muxxux,2024-11-17T10:04:04.000Z,https://www.threads.net/@muxxux/post/DCd-yGmP7Vl,무던해진다는것,43.0,,1.0
209,muxxux,2024-11-16T04:46:58.000Z,https://www.threads.net/@muxxux/post/DCa1sy_vkB_,"판사님 저는 억울해요
롤",25.0,7.0,
210,muxxux,2024-11-15T11:08:54.000Z,https://www.threads.net/@muxxux/post/DCY8l_9vGfW,"엄마 ..제발..북어포 한입만 ,,,",65.0,6.0,2.0
211,muxxux,2024-11-14T11:26:07.000Z,https://www.threads.net/@muxxux/post/DCWZybVvSGc,집에서 하는 혼술 좋다,404.0,94.0,5.0
212,muxxux,2024-11-14T11:53:44.000Z,https://www.threads.net/@muxxux/post/DCWc8u-S0d2,취하기전 댓글 전부 달기 도전!,6.0,1.0,
213,muxxux,2024-11-13T23:39:55.000Z,https://www.threads.net/@muxxux/post/DCVI82qpJoC,은혜갚는 강아지,48.0,4.0,
214,muxxux,2024-11-13T11:34:51.000Z,https://www.threads.net/@muxxux/post/DCT1_h8vtg1,나한텐 여기가 극락이야,71.0,10.0,
215,muxxux,2024-11-13T01:50:52.000Z,https://www.threads.net/@muxxux/post/DCSzKUKPrAQ,"강아지 있는집 운동하기 힘들다 🤦🏻‍♀️
매트깔면 놀자는줄 앎 
댕댕이",33.0,11.0,
216,heejung_practice,2024-11-05T04:55:24.000Z,https://www.threads.net/@heejung_practice/post/DB-h64ohFBd,"모야 모야모야 자기소개하기 유행이야⁉️🤣나이:26살 99년생
종교:기독교
직업:무직
사는곳:양산
이상형:인성 좋고 할땐하고 놀 땐 놀고 예의 있는 남자
엠비티아이:ESFP
좋아하는 색깔:보라색
취미: 분좋카 가기×노래부르기×랩하기×글쓰기×가사쓰기
관심사: 노래×랩×댄스
꿈:버스커×바리스타
생일: 0604
장점:부지런하댬
단점:칠칠맞고 멍을 잘 때리고 겁이 많다??자기소개해보쟈",32.0,20.0,1.0
217,heejung_practice,2024-05-10T10:03:24.000Z,https://www.threads.net/@heejung_practice/post/C6yK4K-hV7S,"우울증 극복과정 4번째현재도 극복 중 이다
요즘 정말이지 
우울증 극복하려고 
병원에서 웃고 즐기고
사람들은 많이 보고 있지만
소리없이 나만 아는 곳에 숨고싶다
담당선생님께서는
내가 항상 긍정적이고 해피바이러스 인 것만 기억한다
다시 밤만되면 웃고있지만 
우울함이 거센풍량이 치듯이 터지고 있다
특히 그날이면 더 그렇다
그래도 좋은생각 하려고 노력 하며 애쓰고 있다
요즘 생각나는 노래는 선우정아-도망가자다
선우정아-도망가자 에서 생각나는 가사가 있었다
그 가사에서 울컥했다
너랑 있을게 이렇게 손 내밀면 내가 잡을게
왜냐면 나에게 위로를 주는 것 같아서다
진짜 요즘 그냥 누군가의 위로와 
따듯한 말 한마디가 필요한 거 같다
지옥같은 여기서 누가 꺼내줬으면 좋겠다..",29.0,12.0,
218,heejung_practice,2024-04-18T10:44:26.000Z,https://www.threads.net/@heejung_practice/post/C55mFZThMuP,"우울증 극복과정 3번째동안 힘들어서 울었다
우울해서도 있지만 
트라우마x후유증이 생겼다
트라우마x후유증 생긴 이유는
사기당한 이후로 사람들의 시선이 무서워서 트라우마가 생기고
엎친 데 덮친 격 으로 후유증까지 와버렸다
그래서 2년 전 부터 
겨울이 되면 너무 힘들고 괴롭다
겨울만 되면 악몽을 꿔버리고
악몽 꾸면 공황발작과 함께 공황장애가 와 버린다
그래서 이제는 너무 괴롭다
룸메이트에게 말했다
그러다 참았던 눈물이 갑자기 톡 하고 터져버렸다
그러니 눈물이 나지 하면서 위로 해 주었다
요즘 너무 정말이지 누군가의 따듯한 위로
누군가의 따듯한 품이 그립다
우울은 거센 파도가 치듯이 더욱 더 세지고
두려움은 더욱 더 커져버렸다
그러다 울다가 지쳐서 
화요일 오후 수업도 못 들어 버렸다
요즘은 정말이지 그냥 자해생각이 조금 나지만
그걸 잊어보려고 승화를 하고 있다
어떡해 승화하고 있냐면 
밝은 노래를 들으며 승화를 하고 있다4탄에 계속 이어 갈게요",23.0,17.0,
219,heejung_practice,2024-04-15T10:07:36.000Z,https://www.threads.net/@heejung_practice/post/C5xze9rhx6N,"우울증 극복과정 2번째 이야기우울증 극복과정이 험난했다
사람들 많이 만나보래서 시도 해보려고 
몸부림 쳐 봤지만 안됐었다
그래서 집순이 선택했다
그러다가 친구 한 명이 나한테 밖에 나가자 했다
밖에 나가는 게 너무 싫었다
그러다 밖에 겨우 나가게 되었다
근데 너무 무서웠다
처음엔 고등래퍼2 유행할 때
하온이를 덕질하고 있었는 데
그러다가 빈첸을 늦게 덕질 한 케이스다
빈첸-마른논에 물 대기 라는 노래를 먼저 듣게 되었고
여기 가사에 보면 난 무서워 여기가 너무도 빛 드는 곳에 가서 편히쉬며 산들바람이나 맞고 편히 쉬고싶어 
이 가사에서 울컥하면서 울었다
그러면서 위로가 되서 빈첸도 덕질하고
그리고 지금은 입원하면서
힘들거나 화나면 담당선생님께서 승화하라고 하셔서
처음엔 무슨 소린지 모르겠어서 안 하고 있다가
지금은 승화를 하고 있다
면담 없을 땐 취미생활들을 하며 승화한다
취미는 소개글에서 본 것처럼
악기는 못 다루니
글쓰고 가사쓰면서 안무짜면서 승화하며 
우울증 극복 하고 있다",22.0,14.0,
220,hanbyul_hangyul_,2024-09-30T14:56:07.000Z,https://www.threads.net/@hanbyul_hangyul_/post/DAi6DK_TlYx,"죽고싶은거... 아니예요.. 아니라구요...🥹
관심 가져 준 누군지 모를 쓰치니 고마워요..🥹
이제 우울증 일기 그만 써야하나🥹
자꾸 죽고싶다고 쓰레드 갈기는 제가 나빴어요🥲",4.0,2.0,
221,hanbyul_hangyul_,2024-11-14T14:54:51.000Z,https://www.threads.net/@hanbyul_hangyul_/post/DCWxrNhTyL9,"나의 우울증 이야기 (94)1. 나는 요즘 말로 '노잼병'에 걸렸다.
한달 전에는 브이로그도 준비하고 동화책 작업도 하고 출근 전 꾸미기에도 열을 올렸는데 지금은 뭐든 의욕이 없다.
브이로그 준비와 동화책 작업은 11월 초에 올 스탑 된 상태고 화장도 마지못해 아침마다 꾸역꾸역 하고서 나간다.
하기 싫다는 생각이 든다기 보다는 아무것도 할 수 없는 상태이다.2. 정신질환 커밍아웃 이후로 몇몇 사람들이 
""이제 몸 아픈건 괜찮아요?"" 하고 물어보는데 처음에는 무슨 말인지 멀뚱멀뚱 하다가 최근에야 알게 되었다. 내 정신질환에 대해 묻는다는걸.
나름대로 각자의 배려인 셈일테지만 나는 그것을 재빠르게 캐치할 수 있는 능력이 없습니다...
그냥 ""요즘 기분은 괜찮아요?"" 정도로 물어봐주면 좋을것 같다고 생각했다.3. 처방받은 약을 세어보니 총 7가지의 약을 먹고 있네. 바꾼 약에 적응 중이긴 한데, 취침전 약을 먹고도 잠들기까지  이상 걸린다.",2.0,,
222,hanbyul_hangyul_,2024-11-13T13:19:54.000Z,https://www.threads.net/@hanbyul_hangyul_/post/DCUCA7OzCas,"나의 우울증 이야기 (93)항상 반복되는 불안 패턴에 대하여.1. 불안요소가 발생한다.
ex) 교통사고가 발생한 것을 목격. 뉴스에서 사건사고를 봄. 주변에서 들은 사건사고 등.2. 불안요소로 발생할 수 있는 최악의 최악까지 가정 한다.
ex) 아이들을 차에 태우고 가다 사고가 발생했는데 나 혼자만 살아남은 상황.3. 최악의 상황이 발생할 경우, 내가 견뎌야하는 일을 가정 한다.
ex) 주변 인물들의 반응, 상황이 발생하고서 겪게 될 스트레스 등.4. 2번과 3번에 과몰입해서 불안이 커진다.5. 1번과 아주 조금이라도 흡사하면 2번에서 4번까지 끝 없이 반복.만약에 (○○○) 하면?->나는 무사한데 (○○○)이 무사하지 못했다면?->그러면 주변 어른들은 어떻게 반응을 할 것인가->나는 이런 일이 발생한다면 어떤 삶을 살아가게 될 것인가->극도로 불안함.○○○안에는 뭐든 들어갈 수 있다.
1번의 항목의 예를 포함해서.나 진짜 피곤한 타입이네.🫠",1.0,,
223,hanbyul_hangyul_,2024-11-12T05:55:15.000Z,https://www.threads.net/@hanbyul_hangyul_/post/DCQqVaCTGzz,"나의 우울증 이야기 (92)정기 진료를 다녀왔다.
담당의가 바뀌고서 첫 진료라 조금 긴장했는데, 생각과 다르게 귀여운(?) 선생님이셨다.근황에 대해 얘기를 하면서 흔들다리에 갔다온 일, 자다 깨는 일이나 무기력함, 소비욕과 식욕 억제가 안되는 점을 전달했다.새로운 담당의는 복용약 리스트를 보고 난감하게 웃었다.""이미 항 우울제는 최고치로 들어가 있는데요..""""저는 약물을 증량하는 것을 별로 좋아하지 않는데, 이런 경우에는 앞으로 더 심해질 가능성이 있어서 유지보다는 증량이 좋을 것 같네요.""그래서 약이 또 알록달록 많아졌다🫠
라모티진 50mg에서 75mg으로, 트라조돈 25mg 추가.라모티진은 피부 발진 이슈로 먹으면서 걱정을 했는데 아—주 적응 잘 해서 피부 이상 무.이번엔 좀 좋아질까?",1.0,,
224,jjxxey,2024-11-18T05:34:19.000Z,https://www.threads.net/@jjxxey/post/DCgErompPEC,,5.0,2.0,
225,jjxxey,2024-11-16T14:20:55.000Z,https://www.threads.net/@jjxxey/post/DCb3YeIyvwf,힘들다 근데 할 건 해야지 먹어도 살이 계속 빠진다,10.0,2.0,1.0
226,jjxxey,2024-11-16T14:10:32.000Z,https://www.threads.net/@jjxxey/post/DCb2McAyzTM,으악,24.0,,
227,jjxxey,2024-11-14T01:40:32.000Z,https://www.threads.net/@jjxxey/post/DCVWxePyjWD,"JusT  
번역하기",16.0,3.0,
228,jjxxey,2024-11-10T02:31:43.000Z,https://www.threads.net/@jjxxey/post/DCLJczsS1CY,,7.0,2.0,
229,jjxxey,2024-11-06T22:57:44.000Z,https://www.threads.net/@jjxxey/post/DCDClA2TUd0,음 살 찌는 법 좀 알려주세요,19.0,15.0,
230,jjxxey,2024-11-06T09:38:37.000Z,https://www.threads.net/@jjxxey/post/DCBnIHwSzGn,#하고싶은거다해,8.0,1.0,
231,jjxxey,2024-10-31T14:08:00.000Z,https://www.threads.net/@jjxxey/post/DBypBqDseMs,이 영상의 대한 전투력 수치와 느낀점을 서술하시오,104.0,32.0,1.0
232,np_patient_toon,2024-10-04T10:26:04.000Z,https://www.threads.net/@np_patient_toon/post/DAsuUu3PHEJ,~오늘의 진료~오늘도 교수님 진료가 지연돼서 예약 시간보다 이 넘게 기다렸다. 이건 교수님이 꼼꼼하게 봐주시는거라 어쩔 수 없지 뭐ㅠㅠ그리고 요즘 ㅈㅎ 보다는 ㅈㅅ 생각이 들어서 말씀드렸더니 최근에 뭐하고 지내는지 여쭤보셔서 산책 얘기를 좀 했다.(산책하면 시원해서 기분이 괜찮다 등등•••)그랬더니 약은 그대로 먹고 활동을 좀 더 해보기로 했다. 산책 해보고 그래도 생각나면 다음 주에 주치의 선생님께 말씀드려봐야지!사실 내가 현실을 회피하고 싶어서 그런 생각이 드는건지 아님 진짜로 생각을 실행에 옮기고 싶어서 그런건지 잘 모르겠다..안좋은 생각이 들면 너무 힘든데 일단 집에 필요시 약이 있으니까 먹고 다음 주도 잘 버텨봐야겠다. 힘내자••!,4.0,,
233,np_patient_toon,2024-09-21T07:44:42.000Z,https://www.threads.net/@np_patient_toon/post/DAK9hitvfP5,"어제 진료 본 후기!혈액검사에서 WBC랑 ANC가 아주 살짝 높았는데 교수님께서 염증이 있거나 그러면 뜰 수 있다고 하셔서 전 날 토하고 설사해서 내과에 갔을 때 장염인 것 같다고 약 먹고 있다고 말씀드렸더니 그것 때문일 수 있겠다고 하셨다. 엄청 높거나 한게 아니라 그냥 계속 약 먹으면 될 듯~그리고 지난 2주 동안 있었던 일(자해 사고, 반추 사고 등등등•••)들을 얘기했는데 ?와 관련된 얘기가 있었는데 그 얘기를 하니 교수님 표정이 좀 심각해지는 것 같았다.(아닐수도 있지만 나는 그렇게 느낌) 그러고 나서 약은 일단 먹던대로 먹어보자고 하셔서 알겠다고 하고 그대로 받아왔다.",6.0,1.0,
234,np_patient_toon,2024-09-20T01:19:15.000Z,https://www.threads.net/@np_patient_toon/post/DAHsnjFSmTP,오늘은 2주만에(원래는 1주 간격으로 가야되지만 추석 전이라 차표가 없다고 말씀드렸더니 간격을 늘려주셨다) 병원 가는 날!오늘은 전공의쌤이 아닌 교수님께 진료를 보는 날인데 저번에는 숙제를 안해가서 엄청 혼났는데 ㅋㅋ 오늘은 숙제 다 했으니 안혼났음 좋겠다🥲아 그리고 삭센다를 맞은지 3주? 4주? 정도 됐는데 4키로가 빠졌다 아마 부작용때문에 울렁거려서 밥 못먹은 탓인듯 ㅎ..그래도 빠진게 어딘지 원래 몸무게로 돌아갈때까지 계속 맞아봐야겠다🤔,4.0,,
235,np_patient_toon,2024-08-20T11:54:35.000Z,https://www.threads.net/@np_patient_toon/post/C-5ArvWvlVi,결국 갔다 응급실..!엄청 오래 기다렸고 봉합도 안된다고 하고 교수님과의 면담도 너무 짧아서 가능만 하다면 다음부터는 충대 응급실 갈듯..그리고 같은 3차병원인데도 충대가 더 저렴했다😭,10.0,,
236,np_patient_toon,2024-08-18T05:57:28.000Z,https://www.threads.net/@np_patient_toon/post/C-zOOYNvfHQ,"외래 갔다와서부터 충동이 생겼는데 지금까지 이어지고 있다필요시 약은 진작에 다 먹었는데 어떻게 하지 ㅠ응급실에 가서 아티반 맞고 약이라도 받아올까 싶은데 충대는 왠지 지금 정신과 진료를 안 볼 것 같고, 삼성까지 가자니 너무 멀고.. 보호자 동반 안해도되면 지금 당장 다녀올텐데😭그리고 지금 내 상황을 부모님께 말하면 부모님이 알아보고 있던 병원으로 끌려갈 것 같아서 싫다 난 삼성병원이 좋은데 비싸긴 하지만(등골 브레이커)어디 말할 곳도 없고 충동은 계속 있고 약은 없고 짜증난다아",11.0,1.0,
237,np_patient_toon,2024-08-16T10:38:04.000Z,https://www.threads.net/@np_patient_toon/post/C-ukv1lPDd0,"오늘은 퇴원 후 첫 외래 날! 인데 교수님 대신 전공의 선생님(주치의 선생님)에게 진료를 받았다.퇴원 후 충동이 심해서 필요 시 약을 좀 털어먹었다고하면서 처방 안해주실걸 알지만 처방해주세요 ㅎ 라고했더니 치 주신다고 해서 바보같은 나는 치+치 인줄 알고 히하호호 하고 나왔는데 치만 주신다는 거였다 ㅡㅡ...저번 주에 힘들때는 정말 응급실까지 가고 싶었지만 거리, 비용 문제로 가지 않았었는데(그걸 생각할 정도면 진짜 당장 죽지는 않았을 상태인듯) 이번 주도 어떻게 잘 버틸 수 있겠지..?!? 클로자핀 양도 늘렸으니까..!응급실에 가더라도 어차피 응급실 갈 거 자해하지 말고 가자...언제쯤 자해 하고 싶다라는 생각이 줄어들까 정말 ECT를 해야 괜찮아질까?_? 잘 모르겠지만 일단 클로자핀으로 시도하고있으니 약으로 괜찮아지면 좋겠다아 그리고 주치의 선생님이 운동 하라고 해서 싫다고 했는데 단호하게(ㅋㅋㅋ) 말씀하셔서 뭐가 됐든 신청해야겠다",8.0,6.0,
238,np_patient_toon,2024-08-09T08:07:15.000Z,https://www.threads.net/@np_patient_toon/post/C-cR6_sPVKX,"퇴원했다. 
이번주말과  중에 고민했는데 오늘로 결정..!
입원해서 가바펜틴이랑 클로자핀을 추가하고 용량을 조정했는데 빈맥(테프라 약효가 떨어질때 쯤 되면 110~120회/분으로 뛰뛰🥲)이 생겨서 테프라를 아침, 저녁 40씩 늘렸다.
아 그리고 클로자핀을 쓰게 돼서 일주일에 한 번 씩 병원에 가서 피검사를 하게 됐다.
귀찮지만 그래도 약을 추가하고나서 자해가 좀 줄어든 것 같으니 어쩔 수 없지 뭐..🥺",5.0,1.0,
239,np_patient_toon,2024-07-12T06:14:00.000Z,https://www.threads.net/@np_patient_toon/post/C9T-tFQPtME,입원해서 잘 치료받고 나와야지!,16.0,1.0,
240,summergram_92,2024-11-18T13:42:56.000Z,https://www.threads.net/@summergram_92/post/DCg8oD6yGef,"철수 일주년 케이크 !
철수는 내년 2월에 두살
나랑 만난지 일년 됐어
헤헤 축하해조",5.0,1.0,
241,summergram_92,2024-11-18T05:06:24.000Z,https://www.threads.net/@summergram_92/post/DCgBeOsygOf,"철수랑 만난지 딱 1년째 되는 날이야!!
스치니들도 귀요미 자랑하구 가 ❤️",2.0,,
242,summergram_92,2024-11-18T05:04:57.000Z,https://www.threads.net/@summergram_92/post/DCgBWLGScAI,친절 자판기무슨 뜻이게? 🥹,10.0,4.0,
243,summergram_92,2024-11-17T05:05:14.000Z,https://www.threads.net/@summergram_92/post/DCdclaQyEfA,"날씨 엄청 좋다!
다 나가 빨리
나 혼자 있게;;;;",3.0,,
244,summergram_92,2024-11-17T04:55:58.000Z,https://www.threads.net/@summergram_92/post/DCdbhhoS3lz,"스레드가 왜점점 페북화 되어가냐ㅋㅋㅋㅋㅋㅋㅋㅋㅋㅋ
자극적인 후킹으로 사람 끌고 광고 포함된 url 눌러야 원문볼수있게 해놓고 광고는 x 코딱지만한거 제대로 눌리지도 않는거 해놓는거ㅠ 볼때마다 블락하는데 점점 많아지네",27.0,12.0,
245,summergram_92,2024-11-17T04:53:50.000Z,https://www.threads.net/@summergram_92/post/DCdbR8uy0a5,"매주 공연을 선다
이악물고 하기로 했다",4.0,,
246,summergram_92,2024-11-16T18:36:20.000Z,https://www.threads.net/@summergram_92/post/DCcUnMeTJmE,"일을 하건 잠을 자건
내 옆에 꼭 있으려는 철수
바닥에 있는게 안쓰러워서
처박아뒀던 캠핑의자 꺼내줬어
많ㅇㅣ 작아보이네,,,,
(7.4kg 빅숑ㅋㅋㅋㅋㅋ)
내게 가장 큰 위로인거 같아
으구 이뻐라",7.0,,
247,summergram_92,2024-11-16T18:10:41.000Z,https://www.threads.net/@summergram_92/post/DCcRrYwzMQA,"밥먹을때 검정고무신 정주행하는데
왤케재밋냐ㅠ요즘은 유튜브 뭐볼지
골라보는것도 귀차늠",4.0,2.0,
248,jjin_me0w,2024-11-09T12:58:13.000Z,https://www.threads.net/@jjin_me0w/post/DCJsWroTvyS,"스하리1000명프로젝트오 스치니들 111명 돌파!!!!
다들 만나서 반가워🤗
팔로워라곤 1도 신경 안쓰면서
그냥 맘대루 내 글만 끄적이는 어른아이야 ㅋㅋ
근데 스치는 사람이 많을수록 맴이 따땃해지더라고?
그러니까 나랑 쓰팔하자구💜",291.0,202.0,213.0
249,jjin_me0w,2024-11-19T01:20:22.000Z,https://www.threads.net/@jjin_me0w/post/DCiMcLLzm-G,"약 엄마난 왕따도 당하고 가출도 해보고
엄마아빠랑 정말 힘든 시간들을 보냈었다
예전에 엄마에게 마음의 문이 닫힐만한 사건이 있었고
내 기억엔 그게 엄마아빠와의 불화가 시작되는 지점이었다
말도 안되게 많이 맞았고 아빠한테 머릿카락도 잘려보고
내가 이렇게 된건 다 엄마아빠 탓이라고 했다
그렇게나 미워했고 사랑받지 못한다고 생각했다한달전 내 생일날 아파서 밥도 못먹고 배고파도
밥을 못먹을때였다
엄마가 전화가 와서는
괜찮냐 밥은 먹었냐 하더니 못먹었다는 말에
“엄마가 지금 집으로 갈까?”
라고 하는 말을 듣고 눈물이 터져나올듯 했지만 꾹 참고
전화를 끊었다.혼자 주방에서 엉엉 울며 죽을 데우는데
갑자기 그런 생각이 들었다
어쩌면 나 스스로 엄마가 나를 실컷 사랑할 기회를 주지 못한게 아닐까?물론 그동안 서로 상처를 주고받은게 정당화 될 수 있는 한 문장은 아니지만 이제는 부모가 된 자식으로서 그런 생각이 들었다.이젠 어릴적 사랑받던 기억이 더 생생하다",8.0,,
250,jjin_me0w,2024-11-18T16:36:17.000Z,https://www.threads.net/@jjin_me0w/post/DChQdq6zn8C,"우울증 공황장애 불안장애몇주전에 콘서타랑 데팍신 처방받아 먹고
며칠동안은 좋았는데 거의 2주정도 되니까 멍해지고 창의력 떨어지고 삶의 무료함을 느끼며 재미가 없다는 생각이 들었다.
공황발작 오고 자해도 하고 자살충동 심했다.
그래도 복용하는 2주일간 게임을 안들어감. 별로 생각 안들었음.멋대로이긴 하지만 단약하고 병원 옮기고
옮긴 병원에서 뉴프람이랑 디아제팜 처방받아
일주일째 복용중.
이 병원은 성인 adhd 진료 안본다 그래서 좀 고민했지만
일단 검사 이것저것 하고 진료봄.창의력 다시 돌아왔으나 잘 깜빡하고 생각 과하게 많아짐, 
그리고 우울감은 거의 못느낀듯(스레드 영향도 큼)
하지만 너무 무기력하고 계속 졸림(날씨 영향인가?)
잠들기 어렵고 잘때 너무 예민함(청각 시각 촉각 후각)
조금리하도 예민하면 잠 못잠
쉽게 분노하고 소리지르는 일이 잦아짐(하 진짜 고치고싶다)
게임 다시 조금씩 하고 충동적 소비 다시 시작됨 
순간 집중력만 좋음 평소 생활중에 소리에 과민함",7.0,10.0,1.0
251,jjin_me0w,2024-11-18T15:38:25.000Z,https://www.threads.net/@jjin_me0w/post/DChJ14szK3c,"자영업자이야기남편 오늘 일주일에 한번 있는 휴무인데
매장 웨이팅 걸렸다고 애들 힘들 것 같다며
직원이랑 알바님들 도와주러 갔다
심심하다
진짜 대단한 사람이라고 생각한다",18.0,3.0,
252,jjin_me0w,2024-11-18T07:42:54.000Z,https://www.threads.net/@jjin_me0w/post/DCgTbESpJNw,"일러스트내가 그린 나
특별한 특징이 없어서
거울보고 내 얼굴을 한시간동안이나 관찰했었다
꽤 좋은 시간이었다 
(내 아이패드는 딸이 깨먹었다)",14.0,18.0,1.0
253,jjin_me0w,2024-11-18T06:42:19.000Z,https://www.threads.net/@jjin_me0w/post/DCgMfV9JXYK,"우울증 공황장애 불안장애혹시 행복한 현실이 불안할때 있어?
내가 이렇게 행복해도 되는건가
금방 달아나버려서 다시 불행해지지 않을까
익숙하지 않다
이런느낌 말이야",26.0,24.0,1.0
254,jjin_me0w,2024-11-18T06:35:04.000Z,https://www.threads.net/@jjin_me0w/post/DCgLqPdJyyP,"스하리1000명프로젝트내 남편은 내가 등 긁어주는걸 좋아한다
가려운곳이 없어도 긁어달라한다
등긁기 대회가 있다면 내가 우승할거란다
이렇게 아저씨가 되어가는건가ㅋ",13.0,,
255,jjin_me0w,2024-11-18T05:52:05.000Z,https://www.threads.net/@jjin_me0w/post/DCgGvY3p7t1,"우울증 공황장애 불안장애adhd도 그렇고
너무 무기력해서 좋아하는 일상을 좀
되찾을 필요가 있겠다 싶어
좋아하던 뜨개질을 다시 하려구 했다친정에 사놓은 실이 몇십만원어치 있어서
아빠한테 가져다 달라구 그랬는데
코바늘 모아놓은 파우치가 사라졌다의욕이 짜게 식었다 아...🤦🏻‍♀️🤦🏻‍♀️🤦🏻‍♀️
글쓰는 와중에 상담쌤이 말씀하신게 생각난다
“뭔가를 진짜 하려면 어떻게든 할 방법을 만들어요. 안하려고 하면 안할 방법를 찾죠”
코바늘 다시 사야지 룰루랄ㄹ라 하하하하하ㅏ",9.0,8.0,
256,arbolbajo,2024-11-17T06:46:07.000Z,https://www.threads.net/@arbolbajo/post/DCdoIU2uBQn,"우울과 공황에 대해 나눌 있는 사람들 주심에 감사
자기연민에 빠지지 않는게 중요한 것 같다",7.0,1.0,
257,arbolbajo,2024-11-15T18:00:14.000Z,https://www.threads.net/@arbolbajo/post/DCZrr-cJ-R4,"카운슬러랑 약속했다
1. 매일 밖에 나가기
2. 불편한 마음 들 때 피하지 않고 20분 버텨보기
다음 세가지 하면서
1) 숨 크게 쉬기
2) 걸으면서 발이 바닥에 어떻게 닿는지 의식적으로 생각하기
3) a부터 z까지 해당 알파벳으로 시작하는 수도 이름 생각해보기",1.0,,
258,arbolbajo,2024-11-10T05:59:28.000Z,https://www.threads.net/@arbolbajo/post/DCLhOiNO794,"못해먹겠다
우울 언제 없어질까
없어지긴 할까",21.0,9.0,
259,arbolbajo,2024-11-08T07:05:12.000Z,https://www.threads.net/@arbolbajo/post/DCGfKNBOats,"오늘은 거의 하루종일 잤다
수업도 카운슬링 세션도 빠졌다
그냥 계속 누워있었다그래도 밤에는 산책도 하고 운동도 가볍게 했다
간식도 안 먹었다
마스크팩도 했다",2.0,,
260,arbolbajo,2024-11-07T04:46:13.000Z,https://www.threads.net/@arbolbajo/post/DCDqdVoOtS6,"불을 꺼도 방이 밝다
잠을 자고 싶은데 도시의 불빛은 도통 꺼질 생각을 안한다
안대가 안 보여 대충 검은 탱크탑을 눈 위에 덮고 자야겠다
여드름 안 나겠지",2.0,1.0,
261,arbolbajo,2024-11-06T14:42:19.000Z,https://www.threads.net/@arbolbajo/post/DCCJ4goONH9,"I'm tired of pretending everything's fine
Tired of forcing myself out of bed each morning
Tired of going outside and talking to people like it's easy for everyone else
Why would I have to bother if nothing about me ever changesBut I know this feeling is temporary
I’ve come so far over the past few years, and I’ll keep trying
I’ll get better, slowly but surely  
번역하기",1.0,,
262,arbolbajo,2024-11-06T05:37:22.000Z,https://www.threads.net/@arbolbajo/post/DCBLhKsus9H,"약을 먹으면 졸린데, 더이상은 잘 수 없어서 약을 안 먹었다. 약을 안 먹고도 낮잠을 잔거 보면 약이 문제가 아닐수도.할 일을 하나씩 해나가고 있다. 밀린 일을 한 번에 하려니 집중력도 안 따라주고 좀 스트레스 받긴 하지만 받아들여야지. 우울도 불안도 적당해 크게 일상생활에 무리가 가지 않은 하루였다. 이번주가 잘 마무리 되었으면 좋겠다. 좀 벅차지만 할 만하다.",3.0,5.0,
263,arbolbajo,2024-11-05T05:58:05.000Z,https://www.threads.net/@arbolbajo/post/DB-pF9tObgL,"하루종일 잤다. 약 기운인지 계속 졸리더라. 해야할 일을 반의 반도 못 끝냈다.그래도 당일예약을 잡아서 정신과 상담을 했고, 오후 수업에는 갔고, 갑자기 공황이 올 것 같아서 중간에 나왔지만 미팅에도 갔고, 정신질환 가진 학생들이 받을 수 있는 장학금도 알아봤다. 대부분 미국 시민권자거나 학점이 좋아야 하더라. 그래서 학교 장애학생지원센터에 관련 장학금 정보를 요청하는 이메일을 보내놨다.내일은 정말 중요한 날이다. 오늘 못한 것까지 해야해서, 아마 힘을 쥐어 짜야할 듯 싶다.",2.0,,
264,arbolbajo,2024-11-04T14:35:55.000Z,https://www.threads.net/@arbolbajo/post/DB8_jykOykf,"마음은 답답하지만 꽤 상쾌하게 일어났다. 아침 수업을 빼먹고 을 통으로 잤으니 그럴만도. 현실감을 느끼려고 주변의 소리에 집중해봤다. 창 밖으로 들리는 차 지나가는 소리, 공사소리, 룸메의 알람 소리, 곧 이어 들리는 세면대 물을 트는 소리.얼마전 정신과 약을 새로 받아왔는데, 그 약을 먹고 나서부터 더 우울해진건지, 아니면 우울하던 찰나에 약을 먹게된건지 모르겠다. 정신과 선생님께 이메일 보내봐야겠다. 우울한 내가 안쓰럽다.좋아하는 책 한 챕터를 읽고 하루를 시작해야겠다. 아침 먹고 씻고 도서관에 가야지. 이번주에 중요한 일이 많으니 끝까지 끈을 놓지 않고 해내보자. 그러려면 우선 침대에서 일어나야겠지.",7.0,3.0,
265,arbolbajo,2024-11-04T06:46:07.000Z,https://www.threads.net/@arbolbajo/post/DB8Jy4lujhC,"내가 자는 동안 편안히 하나님 곁으로 가게 해달라고 기도했다. 이어서 이건 우울한 지금 잠시의 생각일 뿐이니, 방금의 기도는 잊어주시고, 마음 건강해져서 하나님 뜻하신 일 이룰 수 있게 힘 주시길 기도했다.
내 우울이 주변사람들에게 전염되지 않게 해주시고,
괜찮은 척만 하다 나 자신을 잃지 않게 해주세요.
내가 나를 잠시 놓더라도 하나님은 놓지 않으실거죠. 내가 얼마나 소중한 사람인지 알 때까지 하나님은 옆에 계실꺼죠. 내일 아침 일은 모르겠고 오늘 편안히 잘 잘 수 있게 해주세요.",70.0,20.0,4.0
266,arbolbajo,2024-11-03T04:15:56.000Z,https://www.threads.net/@arbolbajo/post/DB5T0C4uiHW,"귀찮다 하루종일 방에 있었다
그래도 밥은 잘 챙겨 먹었다
할 일이 쌓였다
일월화 힘 좀 내보고 수목 좀 쉬자나 자신 칭찬
밀린 설거지를 했다
밥을 잘 챙겨 먹었다
세수를 했다
조금이라도 성경을 읽었다내일은
3000보 이상 걷기
교회에서 바로 도서관에 가기
비타민과 약 잘 챙겨먹기",5.0,3.0,
267,arbolbajo,2024-10-31T22:10:55.000Z,https://www.threads.net/@arbolbajo/post/DBzgc1RpSN2,오늘 하루 잘 보냈다 벼락치기 이슈로 밤을 샜지만 시험도 잘 보고 수업도 갔다.내일도 참 중요한 날이라 일찍 일어나서 준비해야 한다. 몇 년 전에 비해서 정말 많이 나아진 나를 보는게 뿌듯하다. 무언갈 할 마음이 있다는게 참 좋다. 일찍 눈을 붙여야겠다. 감사한 마음 가득하다.,5.0,3.0,
268,wishandwind,2024-10-28T12:51:05.000Z,https://www.threads.net/@wishandwind/post/DBqx_36PUTT,교수님이 약 증량해주심.,1.0,,
269,wishandwind,2024-10-26T09:59:53.000Z,https://www.threads.net/@wishandwind/post/DBlU0NwPj_8,병원 밥 진짜 별로...,1.0,,
270,wishandwind,2024-10-22T11:32:32.000Z,https://www.threads.net/@wishandwind/post/DBbMPUcP5fJ,폐쇄병동이랑 개방병동은 확실히 너무 달라...,2.0,,
271,wishandwind,2024-10-22T10:38:57.000Z,https://www.threads.net/@wishandwind/post/DBbGG2_PSHB,개방병동 입원하다...,3.0,,
272,wishandwind,2024-10-21T09:22:22.000Z,https://www.threads.net/@wishandwind/post/DBYYjEBPYqP,우울증 이야기를 어떤거부터 풀어야 하려나?,2.0,2.0,
273,wishandwind,2024-10-20T13:51:08.000Z,https://www.threads.net/@wishandwind/post/DBWSgw1Pxoq,"일단 내가 먹는 약을 소개하자면...브린텔릭스정 20mg
인데놀정 40mg 
아빌리파이정 10mg -> 임의중단중
스틸녹스정 10mg이렇게야.
아빌리파이는 먹으니까 오히려 좌불안석 증상과 변비가 심해져서 스스로 중단하고 있는 중이야.
내일 모레가 외래 날인데...
이런 것들도 말씀 드리고, 
입원에 대한 부분들도 논의드려야 하네
여러모로 바쁘겠어.ㅜㅜ우울증이야기",5.0,,
274,wishandwind,2024-10-20T13:46:09.000Z,https://www.threads.net/@wishandwind/post/DBWR8LkPja5,"첫 스레드안녕. 나는 2013년부터 대학병원에서 우울증 진단을 받고 12년 째 치료 중인 환자야. 입원도 수 차례 했었지.
사실 조만간 또 입원하게 될 거 같아.
여기 계정에서는 다른 곳에서 하지 못했던 내 우울에 대한 말들을 솔직하게 해 보려고 해.
우울증이야기",87.0,6.0,
275,plainnn_,2024-11-04T04:00:15.000Z,https://www.threads.net/@plainnn_/post/DB720COPLIA,"얘들아 나는 두발자전거를 못타..
그래서 그런데 다 큰 여자가 네발자전거 타면 꼴뵈기 싫을까?
어제 배워보려고 했는데 잘 안되더라..^^......",69.0,147.0,
276,plainnn_,2024-11-01T11:24:59.000Z,https://www.threads.net/@plainnn_/post/DB07UyMv48h,에이씨 스트레스 받아,9.0,3.0,
277,plainnn_,2024-10-28T05:42:59.000Z,https://www.threads.net/@plainnn_/post/DBqBAWLvYMH,뭐 재밌는거 없을깡?,5.0,1.0,
278,plainnn_,2024-10-22T03:11:58.000Z,https://www.threads.net/@plainnn_/post/DBaS9HbPZKz,"일하기 시더..
얼마나.. 줄 수 있는데여..?
나.. 돈.. 필요해여...
얼마나.. 줄 수... 있어여..?
나 정말 필요해여....",81.0,40.0,
279,plainnn_,2024-10-14T04:27:06.000Z,https://www.threads.net/@plainnn_/post/DBF1MT0P51C,"안녕. 난 3살 고양이를 키우는 집사야.
어제 교회가는 길 좁은 도로 한 가운데에 로드킬 당한 아가 고양이를 보았어. 잠시 느리게 움직이면서 봤지 3개월 정도 됐겠더라.. 집사로써 너무 슬펐지만 예배 가는 길이라 속상한 마음만 가지고 지나쳤어.
예배 끝나고 나가는 길에 아직도 그 아기가 그 자리에 있는거야. 나는 비상깜빡이를 키고 차를 한쪽에 세우고,
차에 있는 비닐 장갑을 끼고 내렸어.
더이상 차에 밟히지 않게 옆에 옮겨주려고..
처음이였어 시체를 만지는 일이
막상 그 앞에 서 보니 이미 눈알도 파먹혔는지 없고 파리도 날아다니고, 애기를 만지기가 무섭더라.
몇 분정도 물끄러미 쳐다보면서 서 있는데 차들이 막 나를 피해서 지나가. 누가 보면 내가 치어 죽인줄 알겠더라 ㅎㅎㅎ
그러거나 말거나 몇십대의 차를 흘려보내고,
용기내서 아가를 두 손으로 들어올렸지.
(이어서)",119.0,31.0,
280,plainnn_,2024-10-14T04:27:11.000Z,https://www.threads.net/@plainnn_/post/DBF1M7uv1um,"오늘 아침에 집에서 나오기 전에 주무르던 우리집 고양이는 너무 따뜻하고 말랑말랑했는데,
그 죽은 애기고양이는 너무 딱딱햇어. 죽은 모습 그대로 들어올려지는데 기분이 너무 이상해. 
고양이가.. 말랑말랑 해야 할 아가가 너무 딱딱하니까..
너무 슬프고 안쓰럽고
도로 옆에 풀숲에 옮겨놨어.(사실 잘 한건지는 모르겠어)
집에 와서 우리집 고양이 보니까 또 떠올라서 계속 슬프네.
부디 하늘나라에서는, 자동차 없는 곳에서 맘껏 뛰어 놀기를
아가 냥이를 위해 잠시 기도를 했어.
나는 로드킬 당하는 모든 동물들을 보면 항상 마음이 아파.
어제 이런저런 일에 아가냥이까지.
우울하고 뒤숭숭해봐서 여기에 털어놔봐.오늘도 다들 아무런 사건사고 없는 하루 보내길 바라!",112.0,7.0,
281,plainnn_,2024-10-14T04:13:19.000Z,https://www.threads.net/@plainnn_/post/DBFznZGvCU9,귀여운거 공유💕,6.0,,
282,plainnn_,2024-09-30T13:13:27.000Z,https://www.threads.net/@plainnn_/post/DAiuTQCvCla,뇌동맥류..,11.0,9.0,
283,plainnn_,2024-09-27T08:27:07.000Z,https://www.threads.net/@plainnn_/post/DAafJeJvjn5,"요즘 두통이 너무 심하다
머리 씨티 찍어봐야될거같아ㅠㅠ
지난번에 병원에서 찍어보자 할 때 찍어볼걸!
괜히 불안하넹",17.0,6.0,
284,junjyunjunjyun,2024-11-12T02:46:05.000Z,https://www.threads.net/@junjyunjunjyun/post/DCQUr27SA7L,"심리상담센터 4회차 후기
3회차는 내가 가진 두려움, 불안을 어떻게 받아들여야 하는지 함께 이야기 나눈 후 매일 내 마음을 되새기며 잘 보냈어. 중간에 감정이 폭발하는 시간이 있었지만, 선생님의 조언에 따라 감정, 느낌을 수용하면서 빨리 회복하고 일상으로 돌아갈 수 있었어. 4회차 때는 사실 너무 힘들었는데……선생님과 문장을 완성해 보며 내가 가진 두려움의 원초적인 문제를 찾게 되었어. 나는 정말 그게 이유일 줄 생각도 못 하고 살았는데 대화를 나누다 보니 아귀가 딱딱 맞아떨어지더라. ㅎㅎ 인생이란 게 뭘까. 왜 사람은 잊으며 살 수는 없는지. 그냥 모든 게 속상하고 힘들었어. 그래도 용기를 내서 형제들과 대화를 해보려고! 나와 함께 살아온 내 형제들이라도 나를 조금 더 이해해 줬으면 좋겠다.",7.0,,
285,junjyunjunjyun,2024-10-31T04:17:04.000Z,https://www.threads.net/@junjyunjunjyun/post/DBxljwcSfBR,"심리상담센터 2회차 후기. 
지난번 고민 글을 올리고 용기를 내 다녀왔어. 
따스한 분위기 속 지난날부터 하나씩 이야기하는데 너무 슬펐어. 그리고 mmpi-2 심리검사도 받았고 결과는 4~5가지가 65T이상 높게 나왔어. 만성우울, 신체화, 반사회성 등등 결과 들으며 중간 이야기하다 트라우마가 터져 오열하고 정신이 없어서 결과가 잘 기억하지도 않나.ㅋㅋ 아무튼 10회기 받기로 했고 상담사 선생님을 신뢰할 수 있어 기뻤어! 
상담으로 내 모든 것이 나아지지는 않겠지만 부디 삶을 좀 더 편하게, 숨 쉬며 살 수 있길 바라.",29.0,6.0,
286,junjyunjunjyun,2024-10-31T04:21:27.000Z,https://www.threads.net/@junjyunjunjyun/post/DBxmD0OyybD,+그래서 3회차때 다시 한번더 어떤 항목이 높게 나왔는지 물어봐도 괜찮을까?,,1.0,
287,junjyunjunjyun,2024-10-18T09:27:02.000Z,https://www.threads.net/@junjyunjunjyun/post/DBQqsn8S8QD,"우울증인데 심리상담센터 다니는 사람 있어? 
나는 몇 년간 약을 계속 먹다 1년 전에 약을 끊고 다시 힘들어져서 약 복용 중이야. 건강한 사회인이 되기 위해 돈을 좀 들이더라도 심리상담을 병행하고자 하는데 괜찮을까? 의사 선생님께 말씀드리니 좋은 생각이라며 진단서도 써주셨는데 막상 다음 주 가려니 마음이 두근두근하고 망설여져. (내가 가려는 센터는 강사 자격이 다들 한국상담심리학회 또는 한국상담학회야.)",39.0,38.0,
288,junjyunjunjyun,2024-10-08T12:33:00.000Z,https://www.threads.net/@junjyunjunjyun/post/DA3QB_5yXX8,"첫 스레드호구의 삶.애둘앙 중학교 때 친구가 결혼했어.
그 친구가 결혼식에 사람 없다고 꼭 와달라며 2년 가까이 조용했던 단톡방에 모청을 올렸어! 나는 평소 연락도 잘 안 했던 친구라 안 가려 했는데 주변 애들 말로는 그 친구가 보증 인원도 못 채울 만큼 올 사람이 없다는 거야…. 그래서 그냥 기쁜 날 기쁘게 축하하고 오자! 하고 다녀왔거든? 근데 식 끝나고 한 달이 지나도록 연락 한번 없네? 결혼식 전에는 간다하니 고맙다고 식 끝나고 꼭 밥 먹자며 연락하겠다더니…. 내가 호구짓 한건 맞는데 속상한건 어쩔수가 없따….( ˃̣̣̥᷄⌓˂̣̣̥᷅ )",28.0,16.0,
289,nuyhsb,2024-11-06T15:35:12.000Z,https://www.threads.net/@nuyhsb/post/DCCP71eT1Th,하 버스 끊겨서 킥보드 타고 집 옴 개졸리네,221.0,41.0,2.0
290,nuyhsb,2024-11-06T16:42:13.000Z,https://www.threads.net/@nuyhsb/post/DCCXmmDzECU,"@her3yun
@119hojin
이건 나 닮음?",6.0,1.0,
291,nuyhsb,2024-11-18T19:34:21.000Z,https://www.threads.net/@nuyhsb/post/DChk15kzcS1,"저를 소개합니다
22살입니다
땡베감
땡큐베리감사라는뜻",20.0,12.0,
292,nuyhsb,2024-11-18T19:00:19.000Z,https://www.threads.net/@nuyhsb/post/DChg8lgT8Vb,"안 자는데 사실 자는 척함
애니보고있었음 내 밤낮 하루만에 원상복귀냐",11.0,6.0,
293,nuyhsb,2024-11-18T17:20:11.000Z,https://www.threads.net/@nuyhsb/post/DChVfPqzBsn,"하~암 음냔냠
하품 전염병 퍼트리기 차",7.0,3.0,
294,nuyhsb,2024-11-18T17:18:49.000Z,https://www.threads.net/@nuyhsb/post/DChVVJuTTEq,"내가 밤낮늘 어떻게 바꿨는대
아직도 안자다니",33.0,5.0,
295,nuyhsb,2024-11-18T17:15:35.000Z,https://www.threads.net/@nuyhsb/post/DChU9lQTOEg,"나도 대 존 잘 이였다면
이런 글들로 연명하고 있지는
않았을텐데 . . . . . .",21.0,4.0,
296,nuyhsb,2024-11-18T17:10:54.000Z,https://www.threads.net/@nuyhsb/post/DChUbLjTJIN,스레기와 함께 첫 롱패딩,22.0,3.0,
297,nuyhsb,2024-11-18T16:45:25.000Z,https://www.threads.net/@nuyhsb/post/DChRgiCTP4u,"아 생각남
배상현은 유명한
댓글 절대 무시 안 하는 사람임배상현은 유명한
사람
임
특별한 게
없음
유명하다는 뜻이
아니라
ㅇㅇ
……..배상현은 유명한
사람
임
특별한 게
없음
유명하다는 뜻이
아니라
ㅇㅇ
……..",7.0,4.0,
298,nuyhsb,2024-11-18T16:45:25.000Z,https://www.threads.net/@nuyhsb/post/DChRgiCTP4u,"배상현은 유명한
사람
임
특별한 게
없음
유명하다는 뜻이
아니라
ㅇㅇ
……..배상현은 유명한
사람
임
특별한 게
없음
유명하다는 뜻이
아니라
ㅇㅇ
……..",,,
299,coeseon,2024-11-18T08:06:33.000Z,https://www.threads.net/@coeseon/post/DCgWIO8SbE2,"스친들하..나 재작년에 사기당한게있는데 저저번주에 강원도검찰쪽에서 서류넘어왔거든?통화해봤는데 지금그쪽총책?이랑 밑에?사람들까지 다잡혀서 줄줄히 기소중이라는거야 차피나는 사기로 고소한상태고..잊고있었는데 피해본금액이 쫌큰데 이게 돌ㄹᆢ받을수는 있는건지 아님 변호사랑 상담을해야되는건지..정확하게는 아니더라도 비슷한경우있는 스친들이 있으려나
(혹시몰라서 내가 송달받은서류 첨부)",1.0,2.0,
300,coeseon,2024-11-18T03:49:36.000Z,https://www.threads.net/@coeseon/post/DCf4uSRSIIf,"이미 몇년전 생각했던것.
나혼자 생각할수있는 문제가 아니여서
가족들 동의받아서 완료
지금이 가치있는 인생이라면
후엔 누군가에게 희망이되고싶다",2.0,,
301,coeseon,2024-11-05T01:45:32.000Z,https://www.threads.net/@coeseon/post/DB-MMOFtGm3,"새벽1시에 일부러 잠도 안자고 따라나왔는데..
잠안잔지 되감..
속도미슥거리는거같고ㅋㅋㅋㅋ헛구역질나옴",7.0,3.0,1.0
302,coeseon,2024-11-03T08:07:49.000Z,https://www.threads.net/@coeseon/post/DB5uWa7NGtL,"잘살면되..모든건 시간이 약이닌까..나를되돌아볼 시간이구나
내가 딱 그만큼에 사람이라고?허무하긴하네
잘하면호구 병신으로 본다는게 틀린말이 아니야",9.0,1.0,
303,coeseon,2024-10-30T16:08:08.000Z,https://www.threads.net/@coeseon/post/DBwSI34xVs_,,3.0,,1.0
304,coeseon,2024-10-29T13:03:39.000Z,https://www.threads.net/@coeseon/post/DBtYOz3BrCm,"많은 일들이 겹치고 겹쳤지만
내가 나잇값을 못하는건지 윗사람들이 진짜
나잇값을 못하는건지 모르겠을때가 많단 말이지
살면서 완전한 존재는없다
불안전한 존재와 맞춰가며 완전하게 되는거지
그것도 상대성 이니 강요는 안함
서로 맞춰갈수 있는 사람끼리만 이해하고 만나면 되닌까..(글은 써놓고 결론은 나혼자 ㅈㄹ 하는걸로 ㅋㅋㅋㅋㅋㅋㅋ)",3.0,1.0,
305,coeseon,2024-10-16T16:20:47.000Z,https://www.threads.net/@coeseon/post/DBMQazpyUjJ,"ㄴㅜ수 ?
우리집 천장??형광등 안에서 일정하진 않은데 물떨어지는 소리 비슷하게 나는데..왜인지 아는 스친들 있음???전기문제인가???",3.0,8.0,
306,coeseon,2024-10-11T13:02:07.000Z,https://www.threads.net/@coeseon/post/DA_BvxTSLrQ,"콧바람 쐬러 가고싶다..
답답하구만",5.0,,
307,the_modgu,2024-11-17T01:43:03.000Z,https://www.threads.net/@the_modgu/post/DCdFcntS5im,"원숭이띠랑 개띠는 견원지간이라고 하자나?
그럼 원숭이띠랑 개띠 사람은 서로에게 절대적으로 귀인이 될 수 없는 사이인걸까?사주팔자",7.0,14.0,
308,the_modgu,2024-11-16T15:26:48.000Z,https://www.threads.net/@the_modgu/post/DCb-6_syLao,"스친들은 왜 살아?난 하고싶은것도 없고, 머하는 것도 다 귀찮아
우울증 치료를 시작하고나서 부터 
난 왜 태어났을까?
내가 살아야 하는 이유는 멀까?너무 궁금한데 답이 안나와.
답을 아는 스친 있니?도와줘",166.0,199.0,4.0
309,the_modgu,2024-11-11T07:47:22.000Z,https://www.threads.net/@the_modgu/post/DCOSXrZSBPH,"먹으면 바로 화장실 가야하고 
아무것도 못하겠고 졸리기만하다",4.0,,
310,the_modgu,2024-11-07T14:00:46.000Z,https://www.threads.net/@the_modgu/post/DCEp7BYy8p0,"안녕 스친들!어제 술을 먹어서 그런지 야식이 당겨서
치킨시키고 기다리고 있는 중인데 
문득 궁금해서다들 2025년 버킷리스트 혹은 목표가 있어?난 일단 가장 먼저 드는 생각은
"" 나 짜른 회사에 다니고 있는 사람들 중 괜찮은 사람들
내가 이직하게 될 회사로 데리고 와서 전 회사에 치명타을 입히고 싶어""아직 백수지만....그냥 화가나서 그런지
저런것만 생각나네스친들의 2025년에 해보고싶은 일이나 이루고싶은 것은 머야?백수생활",1.0,1.0,
311,the_modgu,2024-10-31T01:20:30.000Z,https://www.threads.net/@the_modgu/post/DBxRWgOSNhF,"난 원숭이띠 92년생이야.
올해가 삼재의 마지막해라고 해서 지난 3년을 
되돌아 봤는데 정말 좋은일도 있었지만 인생의 역대급 사건들이 있었다.1. 정신과치료 시작
2. 각종 질병 발생
3. 이별(연인, 친구 등)
4. 회사 짤림
5. 커리어 실패
6. 저축불가
7. 직장내괴롭힘제발 다음년도 부터는 좋은일만 있으면 좋겠다.
다른 92년생 스친이들 괜찮니?삼재",703.0,264.0,11.0
312,the_modgu,2024-10-29T03:34:55.000Z,https://www.threads.net/@the_modgu/post/DBsXJR0y9u_,"난 회사에서 짤린 백수야
멀 해야할지 모르겠어ㅎㅎ
넷플릭스에서 자존감 낮고 삶에 대한 희망이 없는 사람이 보면 좋은 작품 추천해줘!!!!백수생활",79.0,47.0,2.0
313,the_modgu,2024-10-27T12:52:51.000Z,https://www.threads.net/@the_modgu/post/DBoNaBaSQnc,"난 어릴때 주변에서 말릴정도로 적극적인 편이였어.하지만 우울,불안 치료를 하고 있는 지금은 궁금한게 있어도 물어보려하지 않고, 그냥 무기력하고 귀찮만해.나 다시 적극적이여 질 수 있을까?도와줘",6.0,,
314,the_modgu,2024-10-26T03:20:35.000Z,https://www.threads.net/@the_modgu/post/DBknHswSLY_,진심으로 아무것도 하기싫고 누워있고만 싶은데 어떻게해?도와줘,36.0,28.0,
315,the_modgu,2024-10-22T05:32:42.000Z,https://www.threads.net/@the_modgu/post/DBajDyvy-9M,"갑작스럽게 백수가 되어서 멀 해야할지 모르겠어.하고싶은 것도 없고...집안일은 해야하고..
먼가 하기는 귀찮고...마음이 복잡하다
백수생활",88.0,19.0,1.0
316,the_modgu,2024-10-18T06:02:39.000Z,https://www.threads.net/@the_modgu/post/DBQTTsuSuJ5,"사람의 직감이라는게 참 신기하다?휴가를 마치고 회사로 돌아가기 전날
그냥 당장 그만둔다고 말해야할 것처럼 가고싶지 않았어 정말 내일 회의에 들어가보고 퇴사를 결정해야 겠다 싶을 정도였어.출근 후 동료들과 퇴사관련 장난을 치고 있었는데 당일회의가 취소되었다는 이야기를 듣고 평범하게 일하고 있었다?그리고 난 권고사직을 당했어사람의 직감이라는게 정말 신기해.
오히려 잘되었다고 나온 회사인데 집에오는 길에
왜그렇게 눈물이 나던지ㅎㅎ
멈추질 않더라...그 동안 안좋은 이야기들어도 많이 참고
견뎠는데 다 무쓸모였나보다..
허탈하네...권고사직",26.0,7.0,
317,the_modgu,2024-10-13T06:46:00.000Z,https://www.threads.net/@the_modgu/post/DBDgS20Sbm5,"나 퇴사압박 당하는 중이야
일을 하나씩 다 뺐어간다...이럴땐 어떻게 해야하는거야?퇴사압박",14.0,5.0,
318,the_modgu,2024-10-10T07:38:31.000Z,https://www.threads.net/@the_modgu/post/DA73641y5T0,"청소 필요한 스친이들 여기 모여라!!!!
@bbu_clean
여기 예약해봐!!!!!!!!!얼마전에 청소 이용했는데 너무 깨끗하고 친절하게 잘해주시더라😛
무엇보다 사장님 존잘이셔.....
스레드 보면서 힘 많이 받고 있다고 이야기하고한번 꼭 안아드리고 싶었는데 부끄러워서 못했어.... ㅠㅠ정말 나 믿고 한번 이용해봐!!!!?입주청소",4.0,1.0,1.0
319,the_modgu,2024-10-11T02:35:01.000Z,https://www.threads.net/@the_modgu/post/DA95-3YSsq1,@__ssuzip,,,
320,comfort_luna,2024-08-24T17:33:57.000Z,https://www.threads.net/@comfort_hyun/post/C_D6szFzSUK,25년 베가성을 향해 유영하는 돌고래✨🐬comfort_hyun25년 베가성이 떠있는 그곳에서 기다릴게요 🌷25년 베가성이 떠있는 그곳에서 기다릴게요 🌷,17.0,,
321,comfort_luna,2024-08-24T17:33:57.000Z,https://www.threads.net/@comfort_hyun/post/C_D6szFzSUK,comfort_hyun25년 베가성이 떠있는 그곳에서 기다릴게요 🌷25년 베가성이 떠있는 그곳에서 기다릴게요 🌷,,,
322,comfort_luna,2024-11-18T16:06:59.000Z,https://www.threads.net/@comfort_luna/post/DChNHH5JP5S,사랑해,4.0,,
323,comfort_luna,2024-11-03T01:44:12.000Z,https://www.threads.net/@comfort_luna/post/DB5CcyrAmHg,"체력 딸려요..살려줘요다들 내일이 무슨 날인지 아시나요???
캐나다 써머타임!!!!입니다
그 말이 무슨 말이냐구요? 왜케 뜬금없는 소릴 하냐구요?
그 말은 제가 이제 현준시를 아침 6시 14분에 올려야한다는
말이 됩니다
후…다들 내일이 무슨 날인지 아시나요???
캐나다 써머타임!!!!입니다
그 말이 무슨 말이냐구요? 왜케 뜬금없는 소릴 하냐구요?
그 말은 제가 이제 현준시를 아침 6시 14분에 올려야한다는
말이 됩니다
후…",6.0,,
324,comfort_luna,2024-11-03T01:44:12.000Z,https://www.threads.net/@comfort_luna/post/DB5CcyrAmHg,"다들 내일이 무슨 날인지 아시나요???
캐나다 써머타임!!!!입니다
그 말이 무슨 말이냐구요? 왜케 뜬금없는 소릴 하냐구요?
그 말은 제가 이제 현준시를 아침 6시 14분에 올려야한다는
말이 됩니다
후…다들 내일이 무슨 날인지 아시나요???
캐나다 써머타임!!!!입니다
그 말이 무슨 말이냐구요? 왜케 뜬금없는 소릴 하냐구요?
그 말은 제가 이제 현준시를 아침 6시 14분에 올려야한다는
말이 됩니다
후…",,,
325,comfort_luna,2024-11-17T21:24:54.000Z,https://www.threads.net/@comfort_luna/post/DCfMsrNpdNn,"많이 힘든 시기가 또 찾아왔네요
난 진짜 아무것도 안했는데… 왜 굳이 날 찾아와서 힘들게하지",10.0,,
326,comfort_luna,2024-11-16T03:23:22.000Z,https://www.threads.net/@comfort_luna/post/DCasIY6AFK7,"..그 체리숲 글에 댓글달려는게 조심스러웠다는게
제가 극강의 망상러라..‘아 이거 친목으로 보이나..?’부터 
(스스로도 이성적으로는 친목댓글이 아닌걸 앎)‘지금 한국 몇시지 지금은 
자는 시간이려나?
학교신가?
학원이신가?
알람 울렸는데 곤란하시면 어떡하지?’‘그냥 내가 싫은 분이면 어떡하지’
‘현준님 보라고 올리신 글에 내가 댓 달아도 되나’
‘이미 댓글이 너무 많은 글인데..나까지 달아도 되나‘
’내가 혹시나 말실수 하면 어떡하지 (말실수를 할 댓글 자체를 쓰지 않을걸 아는데 그냥 맞춤법 틀리면 어떡해요)",34.0,5.0,
327,comfort_luna,2024-11-16T03:23:26.000Z,https://www.threads.net/@comfort_luna/post/DCasI4bgF02,"막 올라온지 조금 된 음식사진보고 뒤늦게 
’헉 너무 맛있겠어요😋’ 했는데 그거 보고 막 어떤 체리분이 막 ‘앗..!! 저거 아까 먹은건데 지금은 새벽이라ㅠㅠ 저 사진 보니까 다시 배고파졌어요 흐엉엉’
해버리면 당연히 저도 그걸 진지하게 받아들이진 않지만 암튼 미안해진단 말입니다체리꼼 뜨개질 옷 찍은거 보고 헉 옷 너무 이뻐요 어떻게 만드셨어요??
했는데 갑자기 앗 저 옷 잃어버렸어요.. 해버리면 미어지는 내 맘 어떡해요사실 그럴 일 거의 아예 없다는걸 아는데 최대한 이쁜 댓글을 쓰려 고민을 시작하면 이런 망상을 하게되어 포기한 경험이 1000만번정도 있어요",18.0,,
328,comfort_luna,2024-11-15T16:49:56.000Z,https://www.threads.net/@comfort_luna/post/DCZjpA0JjPh,"솔직히…체리숲에 글 너무 와방방 올라와서
너무너무어무너무너무너무 좋아요
대유잼됨
그냥 현준시문제가 아님 너무 막 이뻐짐
행복해짐
생기가 넘쳐짐
그냥 다들 매일 4끼먹고 다 막 등급 체리등급 해주면 좋겠음",17.0,,
329,comfort_luna,2024-11-13T19:40:47.000Z,https://www.threads.net/@comfort_luna/post/DCUtmplpEP0,,48.0,,2.0
330,comfort_luna,2024-11-13T04:47:19.000Z,https://www.threads.net/@comfort_luna/post/DCTHWvOAaoD,🇨🇦+600,8.0,,
331,gloomyygo,2024-09-09T23:20:48.000Z,https://www.threads.net/@gloomyygo/post/C_tvHM7T-36,"언제부터 우울이란 놈은 내 몸에 싹을 틔운걸까?
언제부터인지 되짚어봐도 시작을 알 수가 없었다",9.0,1.0,
332,gloomyygo,2024-09-09T08:00:37.000Z,https://www.threads.net/@gloomyygo/post/C_sFzn1R-K3,"우울할 땐 다들 뭘 해?
나는 음악 들어..",9.0,11.0,
333,gloomyygo,2024-09-09T07:44:02.000Z,https://www.threads.net/@gloomyygo/post/C_sD6FOxLXG,"우울할 때는 무라카미 하루키의
상실의 시대를 다시 읽어보곤 한다극 중 나오코의 우울한 면이 
마치 나를 보는 듯 하기 때문에..3년에 한번정도 다시 읽곤 하는데
매번 읽을 때 마다 새롭다",7.0,,
334,gloomyygo,2024-09-09T01:53:23.000Z,https://www.threads.net/@gloomyygo/post/C_rbx6fyNKz,바람은 유전일까?,3.0,7.0,
335,gloomyygo,2024-09-09T00:46:00.000Z,https://www.threads.net/@gloomyygo/post/C_rUEXgSFIb,"결국 우울했던 원인을 이리저리 헤집어
살펴보니 나의 과거, 가족이었다보수적이고 강압적인 아빠
수동적이고 조용한 엄마최악의 가정이었던 듯 하다",6.0,1.0,
336,gloomyygo,2024-09-09T00:08:57.000Z,https://www.threads.net/@gloomyygo/post/C_rP1AuzvQc,"내가 과거에 우울했고 현재에도 우울한 이유는
하고싶은 말과 행동들을 
꾹 꾹 눌러담아서인 듯
성인이되어도 표현하기가 정말 어렵다
싫다 좋다 를..
결국 결정장애라는 표현은 좋지않았나보다",10.0,,
337,gloomyygo,2024-09-09T00:00:57.000Z,https://www.threads.net/@gloomyygo/post/C_rO6ZsTvyw,"스레드에서는 나와 비슷한 유형의 우울감을
가진 사람들이 많이 보인다
그들의 우울한 글들을 읽다보면
이해가 되고 나만 이런건 아니었구나 라는 
안도감도 든다",35.0,4.0,
338,gloomyygo,2024-09-08T23:58:12.000Z,https://www.threads.net/@gloomyygo/post/C_rOmOhTOYm,"자꾸만 우울해서 생각의 꼬리를 물다보면
나에게 결혼이란 제도는 맞지 않았을까 
괜히 난 또 휩쓸린걸까 라는 생각도 들고",5.0,,
339,gloomyygo,2024-09-08T23:57:17.000Z,https://www.threads.net/@gloomyygo/post/C_rOfiwT4YU,"나는 결혼을 했고 아이가 갖고싶은데
우울증이 더 심해지고 내가 더 힘들어질까봐
쉽사리 행동으로 이어지진않는거같아",12.0,16.0,
340,gloomyygo,2024-09-08T09:08:11.000Z,https://www.threads.net/@gloomyygo/post/C_povheREmN,"누군가 날 알아주면 좋겠다가도
아무도 몰랐으면 좋겠다는 이 마음..",16.0,2.0,
341,gloomyygo,2024-09-08T09:07:00.000Z,https://www.threads.net/@gloomyygo/post/C_pom4FxIDj,"우울한 사람들은 모여있으면 더 우울해질까?
아니면 서로 공감이 되면서 치료를 받을까?",30.0,27.0,
342,gloomyygo,2024-09-08T08:47:16.000Z,https://www.threads.net/@gloomyygo/post/C_pmWWDxtoK,"” 왜 우울해? “
우울증 환자에겐 독이 되는 질문같아
설명할 수 없어
그 어떤 문장으로도",64.0,42.0,
343,gloomyygo,2024-09-07T23:47:31.000Z,https://www.threads.net/@gloomyygo/post/C_oolHHzEXY,"하기싫은일을 하면서 남에게 끌려다니는 꼴이란
내 인생이 그랬어",7.0,,
344,gloomyygo,2024-09-07T23:41:47.000Z,https://www.threads.net/@gloomyygo/post/C_on7Jcz8eP,"강박
불안
우울내 인생에 아주 오랫동안 크게 자리잡은 것들",12.0,,
345,gloomyygo,2024-09-07T23:39:03.000Z,https://www.threads.net/@gloomyygo/post/C_onnG_TH8r,"회피형 인간
그건 내가 아닐까",6.0,1.0,
346,gloomyygo,2024-09-07T23:38:18.000Z,https://www.threads.net/@gloomyygo/post/C_onhmizqrO,"생각해보면 나의 기분을 
물어봐주는 사람은 존재하지않았네
나조차도 나의 기분을 모르겠어",11.0,1.0,
347,sorrow.crow,2024-10-29T23:44:20.000Z,https://www.threads.net/@sorrow.crow/post/DBuhjUFzRRq,"의심의 여지 없이 내 사람이라고 말할 수 있는 사람이 있었으면 한다.
그리고 나도 상대에게 그런 존재였으면 한다.",15.0,,1.0
348,sorrow.crow,2024-10-12T13:44:12.000Z,https://www.threads.net/@sorrow.crow/post/DBBrW4HSM3L,"날 보고싶어하지 않는 사람에게
보고싶다고 말을 건내고 싶을 때
제일 쓸쓸하다",211.0,22.0,4.0
349,sorrow.crow,2024-09-26T21:51:34.000Z,https://www.threads.net/@sorrow.crow/post/DAZWahDTCRK,"나에게 잘 보이고 싶어하고
그래서 궁리하고 노력하는...
삶에는 그런 존재들이 필요한 것 같다내 사랑을 바라는 
내 사람을 바라는 건 꿈일 뿐인 걸까",4.0,,
350,sorrow.crow,2024-09-23T13:23:43.000Z,https://www.threads.net/@sorrow.crow/post/DAQt6SpSnLR,"버킷리스트엔 어떤 것들이 어울릴까?
문득 불가능한 일들 내 의지로 이룰 수 없는 것들은 어울리지 않겠다는 생각을 했다.마음을 바꿔 먹어도 얻을 수 없고
그저 이뤄지길 막연히 바랄 수 밖에 없는 비현실적인 소원들은 
삶을 정리하는 입장에서 큰 의미를 가지지 못 할 것 같았다.버킷리스트를 다시 써봐야 겠다.
그러기 위해서 나를 더 알아야 겠다.",2.0,1.0,
351,sorrow.crow,2024-09-18T02:24:01.000Z,https://www.threads.net/@sorrow.crow/post/DACqcFESXxM,"감정이 최고조일 때는
아무 결정도 하지 않는 게 좋다는 말을 들은 적이 있다감정이 가라앉은 후에 차분히 생각해야 한다고
그렇지 않으면 후회하기 쉽다고",2.0,,
352,sorrow.crow,2024-09-16T05:55:07.000Z,https://www.threads.net/@sorrow.crow/post/C_95AecpWaO,"홀로 떨어져 나온 작은 구름 조각이
공기 중에 흩어져 사라지는 모습을
한참 동안 말 없이 바라보고 있었다정말 흔적도 없이 사라져버렸네",4.0,,
353,sorrow.crow,2024-09-15T01:28:24.000Z,https://www.threads.net/@sorrow.crow/post/C_61sF0yR_b,"사랑을 사랑으로 돌려받을 수 있다면
성공한 삶이 아닐까적어도 지금은 그렇다고 생각한다나에겐 아득히도 멀게 느껴지지만...",6.0,,
354,sorrow.crow,2024-09-15T01:01:18.000Z,https://www.threads.net/@sorrow.crow/post/C_6ylsjSffv,"'어차피 혼자가 될거야'
내 속에서 끊임없이 메아리 치는 이 말을 부정하고 싶다내 마지막이 아무도 손 잡아 주지 않는 쓸쓸한 모습이 아니었으면 좋겠다",3.0,,
355,sorrow.crow,2024-09-10T12:42:26.000Z,https://www.threads.net/@sorrow.crow/post/C_vK2kqSZrj,"당신에게 하나만 바랄 수 있다면
부디 건강했으면 좋겠어요",3.0,,
356,sorrow.crow,2024-09-10T12:10:35.000Z,https://www.threads.net/@sorrow.crow/post/C_vHNQKydtq,"고독하다는 말에 곁에 있어준다 했으면서...
날 가장 고독하게 만드는 사람이 당신인 줄은 알까",13.0,,
357,sorrow.crow,2024-09-10T12:08:59.000Z,https://www.threads.net/@sorrow.crow/post/C_vHBiyyqrV,"기약 없는 기다림이 처음은 아니지만
몇 번을 겪어도 익숙해지지 않는다궁금하고 불안하고 초조하고
무엇보다 보고싶다",3.0,,
358,sorrow.crow,2024-09-08T07:31:28.000Z,https://www.threads.net/@sorrow.crow/post/C_pdrO0JCqd,"내가 해줄 수 있는 게 뭘까
덜 힘들었으면
덜 아팠으면
안녕하길 바라는 것 밖엔 
해줄 수 있는 게 없다는 게 힘들다",3.0,,
359,sorrow.crow,2024-09-04T12:22:51.000Z,https://www.threads.net/@sorrow.crow/post/C_fr15ESUhc,"별 것도 아닌데
별 것도 아닌 것을 말할 곳이 없다는 것이
날 가장 외롭게 만든다",10.0,2.0,
360,sorrow.crow,2024-09-04T12:14:16.000Z,https://www.threads.net/@sorrow.crow/post/C_fq2_ky4ck,"외로움에 익숙하다고 생각했다
가족의 품 속에서 교류하는 인연들과 함께하며
진정 혼자가 되어 본 적도 없으면서 말이다그러니 예정된 고독에 난 처음 놓여보는 셈이다
그 때가 되면 내가 견뎌낼 수 있을지 자신이 없다",2.0,,
361,sorrow.crow,2024-08-31T12:45:01.000Z,https://www.threads.net/@sorrow.crow/post/C_VbMvQy0zX,"사랑해요
머금고 있을 때는 달콤하지만
내뱉고 나면 뭔가 씁쓸해진다씁쓸한 외로움...내가 아는 사랑은 이런 맛이다",3.0,,
362,sorrow.crow,2024-08-29T14:52:56.000Z,https://www.threads.net/@sorrow.crow/post/C_QgP0myLdY,"다시 칮아줄 거라고
그렇게 믿고 기다리는 수 밖엔
내가 할 수 있는 것은 없다그 사람이 마음만 먹으면 
일방적으로 단절될 수 밖에 없는 관계이기에
난 기다릴 수 밖에 없다그 사람이 날 필요로 하지 않아도
난 그 사람이 필요해서
무력하게 기다릴 수 밖에 없다",9.0,,
363,yeongyeong_design,2024-11-18T12:22:38.000Z,https://www.threads.net/@yeongyeong_design/post/DCgzb4TPL_5,"건강문제로 금욜에 위 수술하고 어제 하루 일찍 퇴원햇더니 세상에 아기 열이 39.2도인거야 ㅜㅜ 
몰랏던 남편이 원망스럽고 나도 아픈데 애기 케어까지 한다고 차도 못끌고 아기 보쌈하고 유모차 태워 걸어서 두시간을 병원 왓다갓다 햇는데 폐렴이라네... 
내가 수술을 너무 만만하게 보고 예상상황에 대처를 못해서 너무 자괴감 드는 하루다....",8.0,2.0,1.0
364,yeongyeong_design,2024-11-13T15:10:10.000Z,https://www.threads.net/@yeongyeong_design/post/DCUOoiRy_oo,"시작하고 6개월은 달려야 그나마 볼만한가? 싶은 결과가 나오는데 다들 포기는 3개월째 하더라 
뭐든 딱 6개월만 꾸준히 해보기..!",7.0,,
365,yeongyeong_design,2024-11-13T11:07:10.000Z,https://www.threads.net/@yeongyeong_design/post/DCTy0vUv4eg,디자인은 어쩌다 부업거리가 되었나🤔,13.0,,1.0
366,yeongyeong_design,2024-11-13T10:22:59.000Z,https://www.threads.net/@yeongyeong_design/post/DCTtxLkPTnA,기대해도 되는거 맞아? ㅎㅎㅎ,6.0,3.0,
367,yeongyeong_design,2024-11-13T11:00:18.000Z,https://www.threads.net/@yeongyeong_design/post/DCTyCg2Prjk,서울일러스트페어,1.0,,
368,yeongyeong_design,2024-11-12T09:20:58.000Z,https://www.threads.net/@yeongyeong_design/post/DCRB4F_vQNr,"스튜디오에서 하루종일 촬영하다 감독님 의견으로 방구석스튜디오라는 강의 주제에 맞게 집으로 촬영장소 옮김..ㅋㅋㅋㅋㅋㅋㅋㅋ 
둘이서 찐 한달 이상을 갈아 넣어 만드는중... 
장비를 어디까지 최소화 할 수 잇는가..... 
 이상의 대면수업이 4회나 포함되는만큼 소수인원만 진행될거고  마감이야!신청은 프로필 맨 마지막 링크~!디자이너와마케터를위한방구석촬영강의",6.0,,
369,yeongyeong_design,2024-11-12T00:03:52.000Z,https://www.threads.net/@yeongyeong_design/post/DCQCHzqzIhq,"병의원이나 로펌 홍보용 촬영 필요한 쓰친이 이러케 없다구...?! 돈주고 작업하면 천단위 작업이야 
다른데보다 쓰친들이 먼저 기회 채가면 좋겠엉 
감독친구 포폴용으로 작업할거고 입봉 피디가 직접 찍을거라 퀄보장되거든, 그래서 절대 시간뺏기 X 걱정 노노해 (넷플 뷰티광고 등등 굵직하게 하던 친구야) 
감독님 조건 : 병원이나 로펌이 예쁘거나 멋잇어야한대 그래야 예쁜 광고 영상이 나온다고, 정 안되면 장소 섭외 가넝",10.0,4.0,
370,yeongyeong_design,2024-11-08T08:46:24.000Z,https://www.threads.net/@yeongyeong_design/post/DCGqvZuPyNC,"글랜님의 숏폼 완전 자동화 전자책이 오픈됐어! 
크X에서 프로그램만 50~200에 판매되는걸 봤기때무네... 초기 투자비용으로 전자책 포함 5-6마넌, 다음달부터는 2마넌 이하... 개꿀아니냐구...🫢
조만간 구매자를 대상으로 주 14회 업로드 챌린지를 진행할 예정이야 :) (가능하냐고? 웅~ 무조건 가능해) 
아이디어만 있으면 1분 뚝딱이고 조악하게 다른 사람 영상 훔쳐서 조합하는게 아니니 관심있는 쓰친들은 얼른 달려가봐~!njobchallengers.com/class…@coding_military_academy다음주 월요일,
숏폼 완전 자동화 전자책 오픈 예정이야❤️ 
내가 먼저 봤지, 근디 정말 누구나 뚝딱 가능함
@coding_military_academy다음주 월요일,
숏폼 완전 자동화 전자책 오픈 예정이야❤️ 
내가 먼저 봤지, 근디 정말 누구나 뚝딱 가능함
@coding_military_academy",10.0,,1.0
371,yeongyeong_design,2024-11-08T08:46:24.000Z,https://www.threads.net/@yeongyeong_design/post/DCGqvZuPyNC,"다음주 월요일,
숏폼 완전 자동화 전자책 오픈 예정이야❤️ 
내가 먼저 봤지, 근디 정말 누구나 뚝딱 가능함
@coding_military_academy다음주 월요일,
숏폼 완전 자동화 전자책 오픈 예정이야❤️ 
내가 먼저 봤지, 근디 정말 누구나 뚝딱 가능함
@coding_military_academy",,,
372,yeongyeong_design,2024-11-09T13:57:32.000Z,https://www.threads.net/@yeongyeong_design/post/DCJzJFKPwer,"그냥 보고만 가지 말고 후기 남겨줘~
칭찬과 후기는 영영을 춤추게 한다구....내 강의 다들 재밋대 👍
진쨔...? 🥹 
일단 난 외주할 생각이 이제 없어서 수강생이 경쟁상대가 아니기때무네 모든 비법을 무료로 풀었고 ㄹㅇ 개꿀팁 가득함 
질문에 대한 답변도 돌려서 말하지 않아 
직설화법으로 다 공개햇다...🤣내 강의 다들 재밋대 👍
진쨔...? 🥹 
일단 난 외주할 생각이 이제 없어서 수강생이 경쟁상대가 아니기때무네 모든 비법을 무료로 풀었고 ㄹㅇ 개꿀팁 가득함 
질문에 대한 답변도 돌려서 말하지 않아 
직설화법으로 다 공개햇다...🤣",6.0,,1.0
373,yeongyeong_design,2024-11-09T13:57:32.000Z,https://www.threads.net/@yeongyeong_design/post/DCJzJFKPwer,"내 강의 다들 재밋대 👍
진쨔...? 🥹 
일단 난 외주할 생각이 이제 없어서 수강생이 경쟁상대가 아니기때무네 모든 비법을 무료로 풀었고 ㄹㅇ 개꿀팁 가득함 
질문에 대한 답변도 돌려서 말하지 않아 
직설화법으로 다 공개햇다...🤣내 강의 다들 재밋대 👍
진쨔...? 🥹 
일단 난 외주할 생각이 이제 없어서 수강생이 경쟁상대가 아니기때무네 모든 비법을 무료로 풀었고 ㄹㅇ 개꿀팁 가득함 
질문에 대한 답변도 돌려서 말하지 않아 
직설화법으로 다 공개햇다...🤣",,,
374,mer0dy.328,2024-11-18T13:31:12.000Z,https://www.threads.net/@mer0dy.328/post/DCg65gVi3sa,"크리스천스친들 혹시 '내 마음의 한자리'라는 찬양 알아?
어린이 찬양인데도 찬양 가사가 너무 좋아서
나도 전에 종종 인도 때 부르곤 했었는데
지금 다니고 있는 교회에서
이 찬양을 만났을 때 너무 반갑더라고ㅎㅎ
(tmi : 나는 어쿠스틱 기타임, 사실 10월에함)잘 치는 편은 아니지만... 그래도 용기내서 한번 올려봄",27.0,6.0,
375,mer0dy.328,2024-11-18T09:42:55.000Z,https://www.threads.net/@mer0dy.328/post/DCghKIoJY5W,"나도 아직 멀었다.
용서랑 이해보다는
원망과 조롱이 먼저 나오다니…",4.0,1.0,
376,mer0dy.328,2024-11-17T12:17:06.000Z,https://www.threads.net/@mer0dy.328/post/DCeOAcMyB2L,"오늘 처음으로 클로바노트를 썼는데
생각보다 괜찮더라?
음성을 듣고 글자로 변환한 뒤 요약까지 해준다라…
나는 매일 설교를 듣고 메모장에다 적는데
가끔씩 요약이 잘 안될때도 있거든ㅋㅋㅋㅋㅋ
(그리고 폰으로 하다보니 다른사람들 눈치도 좀 보였고)
크리스천",6.0,5.0,
377,mer0dy.328,2024-11-17T12:54:24.000Z,https://www.threads.net/@mer0dy.328/post/DCeSRvnSOKP,"오늘 설교를 듣고 든 생각
1. 거룩하게 살아야지
2. 세상과 무조건 대립하고 갈등하며 살아가기 보다는 예수님의 사랑과 실천을 통해 세상과 함께
세상 속에서 살아가는 그리스도인이 될 수 있지 않을까?라는 두가지의 생각이 동시에 듬.",2.0,1.0,
378,mer0dy.328,2024-11-17T09:22:10.000Z,https://www.threads.net/@mer0dy.328/post/DCd5_PMPJSO,"차성진 목사님의 영상을 보고
정말 많이 반성하게 되었다.복음이 무엇인지, 하나님나라가 무엇인지
십자가, 부활이 내 인생에 어떠한 의미가 있는지
하나님이 어떤 분이신지정확히 알지 못한 채 교회를 다니며
교회 봉사를 했고, 리더로써 사람들을 가르쳤다는게
너무나도 부끄럽다...이 모든 질문들에 솔직히 지금의 나로선
아직까지는 명확하게 답변을 내진 못할 것 같다.
하지만 아직 늦었다고 생각하진 않는다.
이제라도 다시 한번 믿음의 기초 공사들을 제대로 할 때가 된 듯 하다.
크리스천youtube.com/watch…youtube.comyoutube.com청년사역, 복음이면 됩니다 | 2025목회인사이트 | 차성진 목사 @NJT_BOOK @3protv청년사역, 복음이면 됩니다 | 2025목회인사이트 | 차성진 목사 @NJT_BOOK @3protv",12.0,2.0,
379,zzzin._.daaa,2024-11-19T01:36:51.000Z,https://www.threads.net/@zzzin._.daaa/post/DCiOU-Py-w6,"약 오랜만에 셀카 히히
피규어 찍느라 셀카를 안찍게되는 것...🙄",43.0,50.0,
380,zzzin._.daaa,2024-11-18T12:49:38.000Z,https://www.threads.net/@zzzin._.daaa/post/DCg2hmmyS8_,"밤비 이노무 지지배 내가 하루종일 같이있어도
나보다 남편을 좋아해서 밤마다 겨드랑이에 꼬오오옥 안겨서자는
저 요망한 지지배🤔 너 토끼 아니지 ㄹㅇ",30.0,14.0,1.0
381,zzzin._.daaa,2024-11-18T07:18:37.000Z,https://www.threads.net/@zzzin._.daaa/post/DCgQpLzyI-O,"스레드는 어쨋던 SNS일 뿐이니
차단당해도 차단해도 그냥 그러려니 해주세여
그냥 난 내가보고싶은것만 보고싶을뿐임 ㅇㅅㅇ
거슬리는 것들 있는데 내가 굳이참아야하진않자나여? 𝙎𝙄𝘽𝘼𝙇 ?
차단충 모드 on 입니다🤓 그냥 그런갑다하세여",52.0,25.0,1.0
382,zzzin._.daaa,2024-11-17T17:03:39.000Z,https://www.threads.net/@zzzin._.daaa/post/DCeuzOqSDAB,"싯팔 스친이여도 글 조오온나 길게 써놓고 가서 봐줘
ㅇㅈㄹ좀하지마쇼 귀찮아 𝙎𝙄𝘽𝘼𝙇 
무슨 수능 국어 지문마냥 조오온나게도 길게 적어놨는데
뭔 쌉소린지도 모르겠고
징징대지마 싯팔",38.0,15.0,
383,zzzin._.daaa,2024-11-17T16:22:15.000Z,https://www.threads.net/@zzzin._.daaa/post/DCeqEACS-4A,"글 보기 꼬추ㅁ,아니 꼬우면 차단하라는것도 알려줘야댐?",27.0,8.0,
384,zzzin._.daaa,2024-11-17T14:18:52.000Z,https://www.threads.net/@zzzin._.daaa/post/DCeb8ZdSfei,"요즘 피규어를 많이 올려서 그런데 제 스레는
그냥 아무거나 잡다하게 그냥 하고싶은말 싸는
제 전용 화장실이예여🤔 욕도하고 똥도싸고 그냥
찐따 전용 대나무숲이랄까나....?",37.0,13.0,
385,zzzin._.daaa,2024-11-17T13:15:58.000Z,https://www.threads.net/@zzzin._.daaa/post/DCeUvsySqp3,"크라피카 체고다 진쨔....
레진이 역시 디테일이나 도색은🤔
피규어",49.0,25.0,
386,zzzin._.daaa,2024-11-17T12:50:50.000Z,https://www.threads.net/@zzzin._.daaa/post/DCeR3m8yOi7,"요즘 피규어 얘기 하니까 𝙎𝙄𝘽𝘼𝙇 개저씨 존나와 ㅠ
𝙎𝙄𝘽𝘼𝙇 그냥 내피규어 보고 어 이쁘다 하고 지나가세요
스친도 아니면서 𝙎𝙄𝘽𝘼𝙇 비댓으로 말 쳐 걸지 마시구여 ㅠ
대가리에 뭐가 들어있긴한건지 ㅠ",31.0,22.0,
387,zzzin._.daaa,2024-11-17T12:31:27.000Z,https://www.threads.net/@zzzin._.daaa/post/DCePpmOyiOA,뭔소리를 하는지 모르겠어서 프로필보면 개저씨임 ㄹㅇ,50.0,16.0,1.0
388,zzzin._.daaa,2024-11-17T07:14:30.000Z,https://www.threads.net/@zzzin._.daaa/post/DCdrYIZSyqv,"내 댓글에다가 쓸데없는 TMI쳐하지말아라
안궁금해 ㅇㅅㅇ 난 피규어모으는데 니들은 뭘 쳐 모으던 알바냐고
비밀댓글로 𝙕𝙄𝙍𝘼𝙇 본문하고 쓸데없는댓글다네
처음보는 색히들이 어쩌라고🤷‍♀️",31.0,25.0,1.0
389,zzzin._.daaa,2024-11-16T20:16:37.000Z,https://www.threads.net/@zzzin._.daaa/post/DCcgFqGzdgx,"저는 사실 람을 좋아해요
“바루스”
피규어",55.0,14.0,1.0
390,zzzin._.daaa,2024-11-16T18:02:28.000Z,https://www.threads.net/@zzzin._.daaa/post/DCcQvNsSi0h,"오늘...아 어제 러쉬 직원분이랑 오딱후로써
한참 떠들고 피규어자랑하고 놀아줘서 감사해써여~
하고 나오면서 아...나 E긴 하구나 라고 생각해씀,,,
처음보는 사람한테 말 참 잘걸어요...응...",17.0,4.0,
391,ti_a61,2024-09-04T16:22:59.000Z,https://www.threads.net/@ti_a61/post/C_gHT0ngdwH,,15.0,,
392,ti_a61,2024-11-17T17:55:14.000Z,https://www.threads.net/@ti_a61/post/DCe0tHeyJby,"저는 준님을 사랑하는 것에 이유를 붙이고싶지 않아요.
이유를 붙여버리면.. 그게 정말 제가 준님을 사랑할수있는
조건이 되어버릴까봐.그냥 저는 준님이라서
준님을 사랑하기로 했어요",13.0,,
393,ti_a61,2024-11-17T14:38:19.000Z,https://www.threads.net/@ti_a61/post/DCeeKzSyWC3,"작은거 하나에도 꺄르륵 웃고 즐길수 있는 지금이 너무 좋아요.별보러가겠다고 굳이굳이 라면 들고 계단올라서 갔던 곳에서 별이 보이지 않아도, 서로 다른곳에서라도 별을 보겠다며
난간에 서서 별을 보던 모습이
그냥 사진 한장에도 웃고 떠들수 있는 모습이
설령 예쁜 사진이 아니더라도
결국은 나중에 피식 웃으며 그땐 그랬지 하고 추억할수 있는
그 순간 자체가 낭만이 되니까🌙",10.0,,
394,ti_a61,2024-11-17T14:33:52.000Z,https://www.threads.net/@ti_a61/post/DCedqNDyhlO,낭만🌃,5.0,,
395,ti_a61,2024-11-13T06:07:29.000Z,https://www.threads.net/@bookk_bookk1/post/DCTQh11zEgB,"난 그대를 못잊겠네.
평생😌🌷bookk_bookk나의 세상을 넓혀준 사람...나의 세상을 넓혀준 사람...",16.0,,
396,ti_a61,2024-11-13T06:07:29.000Z,https://www.threads.net/@bookk_bookk1/post/DCTQh11zEgB,bookk_bookk나의 세상을 넓혀준 사람...나의 세상을 넓혀준 사람...,,,
397,ti_a61,2024-11-13T04:49:19.000Z,https://www.threads.net/@ti_a61/post/DCTHlS7p_l_,합격 했어요😉,285.0,16.0,
398,ti_a61,2024-11-12T23:19:37.000Z,https://www.threads.net/@ti_a61/post/DCSh2l-SPmo,오랜만에 꺼낸 필름달님 고양이털 에디션..입니다,9.0,,
399,ti_a61,2024-11-12T23:11:11.000Z,https://www.threads.net/@ti_a61/post/DCSg4uay0cb,"오늘 면접 결과가 나오거든요?
최종 합격 결과 나오는데
긴장감이 1도 없어서 놀랍다",15.0,,
400,dream_y1004,2024-11-18T10:45:16.000Z,https://www.threads.net/@dream_y1004/post/DCgoSyNy_uO,"내가 죽는건 상관이 없는데
나 장례치를때 장례비용 때문에 부모님이 돈 때문에 싸울까봐 
그게 제일 걱정이네ㅋㅋ",31.0,60.0,
401,dream_y1004,2024-11-17T11:06:45.000Z,https://www.threads.net/@dream_y1004/post/DCeF9NKyEe9,"🏠아부지가 자꾸 집에 들어오라고 권하시는데🏡❌️친구들이랑 친동생이 반대가 심해서 고민❌️반대이유1.친구들이랑 연락 못함 (전화)
2.부모님 두분이 워낙에 까탈스러워서 비위 맞추기 힘듬
3.본가가 완전 논두렁 있는 시골인데 시내쪽에선 막차가 9시차야👈 연장하고 늦어질수도 있는데 괜찮냐고 사장님들이 많이 물어보심😭(그렇다고 아빠가 차로 데릴러 오시잖아? 귀찮다고 엄청 뭐라하심...그래서 한때 택시타고다님 택시비만 30조금 넘게 나왔던)4.시내 한번 나오기 힘듬 (눈치를 많이주심)
5.본가에선 엄마 아빠가 왕 (밥상차려라 등등)
6.밤에 화장실 가는것도 눈치주심(아빠가 거실 바로 옆방이라 소리가 다 들림)
7.지금도 가끔 본가가면 하루이틀 자고 오는데 본가만 다녀오면 몸이 아픔
(동생이 언니 집 오면 못버틸거라고 신신당부)
8.자살시도 했던곳이 본가이런 상황에 집 들어가는게 나아?😭",16.0,52.0,
402,dream_y1004,2024-11-15T06:39:20.000Z,https://www.threads.net/@dream_y1004/post/DCYdwz6ykft,자는데 모르고 깨워버려써,14.0,6.0,
403,dream_y1004,2024-11-15T02:47:28.000Z,https://www.threads.net/@dream_y1004/post/DCYDOqiyPOl,내 인생이 반이 가스라이팅에 폭력 행사하던 사장님 밑에서 일하고 그만뒀다가 다시 일하고의 반복이었네그사장님 말대로 넌 여기아니면 아무대도 받아주는곳 없다.진짜 말그대로 됐네첫걸음 떼는게 무서워서 벌벌거리네바보같아ㅋㅋ,19.0,12.0,
404,dream_y1004,2024-11-12T08:59:26.000Z,https://www.threads.net/@dream_y1004/post/DCQ_aULS5F3,✨️매지컬 스테이지✨️🎶환상의 마법🎶🩷🧡💛💙💜꼬마마법사레미,19.0,27.0,
405,dream_y1004,2024-11-10T11:41:06.000Z,https://www.threads.net/@dream_y1004/post/DCMIUqqSHCe,"아까 낮에 유튜브로 성경 내용 검색하다가
하나님의 말씀이라는 채널을 알게되써☁️
처음 듣다가 눈물이 왈칵 나는거야 비로소 위로 받는 느낌이랄까 그뒤로 무한 재생해서 듣는데 친구가 세뇌 받는것 같다고 그만 들으라고 하네😅
내가 워낙 잘 믿기도 하고 한참 힘드니까 의지 하고싶어져😢",11.0,23.0,
406,dream_y1004,2024-11-09T09:06:19.000Z,https://www.threads.net/@dream_y1004/post/DCJR0KcyLEa,"팔로우 하는 기준이 모야???난 관심사나 댓글로 친해진 사람들 팔로우 하는데
모르는 사람들이 날 팔로우 했더라구~ 관심사가 아니라서 맞팔은 안하는데😂 궁금해서!!",10.0,14.0,
407,dream_y1004,2024-11-09T03:31:03.000Z,https://www.threads.net/@dream_y1004/post/DCIrcpkSIs1,"누가 저 좀 뽑아주세요🙇‍♀️
처음이라 실수도 하고 긴장해서 우당탕탕 할테지만
그래도 열심히할게요ㅠㅠㅠㅠ열람만 하시지 마시구 연락 꼭 주세요😭 이러다 굶어죽게생겼어요ㅠㅠㅠㅠ이렇게 될줄 알았으면 계속 다닐걸
아무리 가스라이팅에 폭언해도 버틸걸",82.0,44.0,1.0
408,dream_y1004,2024-11-10T06:53:44.000Z,https://www.threads.net/@dream_y1004/post/DCLncAPS_Kc,"그냥 한탄 식으로 글 쓰는거니까 
스레드에서 진짜 뽑아 달라고 글쓰는거 아니야",3.0,,
409,cococ2610,2024-05-13T11:52:43.000Z,https://www.threads.net/@cococ2610/post/C66Fxc5hOFJ,"처음쓰는 글이다.
나진짜 어떻하지…
오늘도 충동이 심해서 불안하다..
이모도 계시는데…
너무 불안하다..
사고치고싶다..
ㅋㅌㅋ로 내몸을 막 하고싶다
그래야 불안한게 사라질것 같다",2.0,,
410,cococ2610,2024-08-21T12:59:36.000Z,https://www.threads.net/@cococ2610/post/C-7s6x6BxF4,너무 우울해서 미치겠다..,2.0,,
411,cococ2610,2024-08-19T11:43:21.000Z,https://www.threads.net/@cococ2610/post/C-2amjuBGny,"갑자기 너무 힘들다.
숨도 잘 쉬지 못하는것 같은 느낌이다
너무힘들다..우울하다.너무불안하다.😞",4.0,,
412,cococ2610,2024-08-04T07:26:15.000Z,https://www.threads.net/@cococ2610/post/C-PVQbSBI5e,"숨이너무 막혀요…
필요시약을 먹어도 그러는데 어떻해야할지
모르겠어요…😢
너무힘들어요.. 우울하고 불안해요😭
우울증,불안장애,숨막힘",6.0,5.0,
413,cococ2610,2024-08-02T09:27:22.000Z,https://www.threads.net/@cococ2610/post/C-KZhvhBMJw,"너무 우울해..
게임을 하고있는데 왜
우울하고 무기력함이 들지?
내가 너무 한심해..
우울증,무기력함",2.0,,
414,cococ2610,2024-07-10T11:03:49.000Z,https://www.threads.net/@cococ2610/post/C9PWSDZBxQM,"오늘따라 너무 힘들다..
너무지치고 그러네..
병원 갔다왔는데도 왜이렇게 힘들지..
너무 불안하고 무기력해..
그냥 차라리ㅅㄹ지고 싶어…😢
우울증,불안증,무기력",3.0,,
415,cococ2610,2024-07-10T01:21:34.000Z,https://www.threads.net/@cococ2610/post/C9OTpfAhbE7,"나오늘 너무 불안해..
불안하고 우울해..
나진짜 어떻하지?
나 왜 사는지 모르겠어..
사라지고 싶어..
ㅈㅎ하고싶고 그래..
너무 힘들어서 힘들고 무기력하고 어떻해 해야할지 모르겠어..😢
불안증 우울증",3.0,8.0,
416,cococ2610,2024-07-07T09:03:52.000Z,https://www.threads.net/@cococ2610/post/C9HaKzfh-oa,"벌써1주년 이라니 축하해요!
Threads 1주년",1.0,,
417,cococ2610,2024-07-04T10:34:21.000Z,https://www.threads.net/@cococ2610/post/C8_2I7zhC4U,"충동…
ㅈㅎ,ㅈㅅ충동때문에 힘들다.
머리가 멍~!해지고 
누가 내머리를 때리는 느낌이여서 힘들다
부모님께 내가 힘든다는걸 잘 모르기 때문에
힘들다는 표시 표정 안해야 된다.",2.0,,
418,cococ2610,2024-06-24T07:22:23.000Z,https://www.threads.net/@cococ2610/post/C8lwONEhpOA,"나..오늘하루 잘지낼수있을까..?
오늘하루 잘 버티고 잘 지낼수 있겠지…?
충동아 제발 오지마😢
계속 오면 나진짜 너무 힘들어ㅓㅓ😭",2.0,4.0,
419,cococ2610,2024-06-14T13:23:07.000Z,https://www.threads.net/@cococ2610/post/C8MpjkOhSYI,"오늘하루 너무힘들다.
오늘 부모님께 잔소리 엄청 듣고…
나보고 어쩌라는건지…
오늘 치과 갔다왔는데 왼쪽 이빨 사이가 썩어가는초기여서
충치치료하고 본드를 떠야된다고해서 40만원 든다고 
엄마,나한테 말을 하셨다.
난 그 내용듣고 놀랬긴 했지만 썩어가는 이빨인데
나보고 어쩌라는건지
다 내탓같아서 죄책감드는데
엄마는 내가 단거음료 과자 사탕등등 먹어서 그렇다
그리고 양치질 잘 안해서 그렇다.
라고 잔소리 들으니까
충동이 올라왔다.
집에가서 사고 칠것 같은 느낌이여서 어떻해 해야할지
고민을 하다가.. 잠시 진정되서 다행이라고 생각했다.
지금도 충동도 그대로지만 버텨야 한다.
그래야 부모님께 힘들게 하지 않을것 같아서 그렇다.
참자 제발 🙏🏻
그래야 부모님께 민폐를 주지 않기 때문이다.😔",2.0,,
420,cococ2610,2024-06-12T13:39:41.000Z,https://www.threads.net/@cococ2610/post/C8Hh3FBh2ps,"오늘 기분이 별로다.
우울하고 짜증나고 화난다.
솔직히 솔직한 마음은…
사실 사고치고 싶었다.
충동때문에 너무 지치고 힘들다.
부모님,주변사람들 한테는 힘든티 안내지만
솔직하게 말하자면 너무 지치고 힘들다.
진짜로 지치고 사라지고싶고 ㅈㄱ싶다.",3.0,,
421,rileythelad,2024-11-07T08:10:10.000Z,https://www.threads.net/@rileythelad/post/DCEBzJVJr3l,"친구가 자살을 했다.
루이비통같은 쇼에도 설만큼 유망주인 모델이었다.어느 날 자신의 불우한 가정환경에 대해 얘기를 해주더라.
'어렸을 때 약간 이런 느낌이었어' 하면서 되게 덤덤하게.모델 일을 그만두고 회사에 들어간다고 했었는데.
'나 00월  출근 확정!'
그게 그의 마지막 날이었다.이유가 단지 불우한 어린시절이 다가 아니었으리라 
감히 짐작해본다.
간접적으로나마 그의 세상이 무너지는 것을 
나또한 보았기 때문.제 3자인 나는 몰랐지만 (사실 내심 알고는 있었지만)
'그게 아니더라도 어떻게든 살아갈 수는 있잖아?' 라고
쉽게 말할 수 있는 것들이
그에게는 절대적으로 납득될 수 없는 부분이었던 것이다.내 세상(내가 편히 숨쉴 수 있는 세상)도 무너진지 오래다.
나는 왜 아직 죽지못하고 있는지
매일 묻지만 굳이 답을 내자면 귀찮아서?
내 몸만 띡ㅡ 죽는다고 다가 아니니까.
아직 갚을 빚도 많고, 이걸 내가 죽고 누군가가 떠안게 되는 것도 싫고.우울증",882.0,77.0,21.0
422,rileythelad,2024-11-07T08:11:59.000Z,https://www.threads.net/@rileythelad/post/DCECAgdpFWL,"쪼오끔만 더 살아보면,
정말 조금만 버텨보면, 어쩌면
죽기전에 몇 번쯤은 더 행복하고 죽을 수 있지 않을까
하는 아무런 의미없는 욕심때문에
죽지 못하고 있는걸 수도.100살에 죽든 지금 죽든
비슷하게 죽겠지.",151.0,1.0,2.0
423,rileythelad,2024-11-19T00:05:25.000Z,https://www.threads.net/@rileythelad/post/DCiD3Puzr0z,"감기몸살 걸린것 같은데 어쩌지..
이번주 왜케 추운거야
주말까지 건강해야 하는데 ,,,하이도",1.0,,
424,rileythelad,2024-11-18T05:48:24.000Z,https://www.threads.net/@rileythelad/post/DCgGUbCzRGY,"뭔가, 
어쩌면,
아이디어를 내고, 해결방법을 생각하고,
디자인하고, 구축하고 
이런 것에 특화되어 태어난 내 뇌는단순 옮겨 적기, 했던거 또 하기,
안되는데 어거지로 하기,
그래서 대충 가라로 하기 등의 일들만 하다보니제 기능을 해보기도 전에
많이 손상이 되어버린 듯 하다.컴퓨터에게 시키면 될 일을
굳이 사람이 하나 하나
정성스럽게 키보드를 두들겨 입력하는 일을 하고
밥 먹고, 누워 잘 집을 위한 돈을 번다.시간이 너무 더디게 간다.회사생활",2.0,,
425,rileythelad,2024-11-18T03:20:32.000Z,https://www.threads.net/@rileythelad/post/DCf1ZaKzX-A,"내가 요즘 가장 매달리고 있는 것들1. 집 꾸미기
2. 도쿄여행
3. 이직 준비
4. 미니멀리즘
5. 내한공연1-1. 산만하고 컬러풀한 느낌에서 깔끔한 모노톤으로
2-1. 도쿄는 원래 주기적으로 가줘야하기 때문에 내년 초 내 생일 쯤에
3-1. 이직 또한 내년 7-8월까지 하는 것을 목표로 자기계발
4-1. 이직과 같이 이사 계획이 있기 때문에 비우고 또 비워내기
5-1. 내 올해의 마지막을 도파민으로 채우겟서 ,,,,!!여러분은?계획",3.0,4.0,
